suppliers_id,suppliers_name,phone,address
1,Kamba,149-964-5147,0 Browning Way
2,Eire,215-944-8938,44494 Fieldstone Street
3,Skyba,746-245-4666,58553 Carberry Plaza
4,Photobean,946-714-4204,9 Johnson Lane
5,Fiveclub,865-535-4839,71185 Packers Plaza
6,Brightbean,866-499-3997,2928 Monica Parkway
7,Leenti,895-432-1192,56 Hagan Circle
8,Mudo,434-199-5807,0 American Ash Lane
9,Oba,805-433-4188,4 Thompson Street
10,Youtags,650-620-3033,2187 Melvin Crossing
11,Ntag,662-476-4668,9 Doe Crossing Park
12,Linkbridge,179-620-5535,3021 Sherman Point
13,Photobug,781-980-3235,41599 Eastwood Crossing
14,Agivu,249-609-7849,78730 Lillian Plaza
15,Omba,943-215-5578,5 Butternut Way
16,Youbridge,620-560-1221,85877 Nobel Circle
17,Lazzy,780-779-0583,17525 Londonderry Point
18,Devpulse,391-559-8229,7741 Quincy Trail
19,Divanoodle,450-723-1269,0643 Lake View Road
20,Latz,872-705-6525,85 Holmberg Center
21,Voonder,769-315-7928,262 Chinook Crossing
22,Skivee,240-522-0312,8894 Mitchell Court
23,Gabcube,765-673-4475,458 Harbort Alley
24,Thoughtbridge,132-272-7713,73 Delladonna Point
25,Photofeed,919-544-7577,275 Iowa Hill
26,Plajo,380-885-5684,738 Dahle Plaza
27,Skyndu,868-896-0343,657 Blue Bill Park Trail
28,Edgeify,780-979-9515,1576 Welch Place
29,Wordtune,113-246-6297,58208 Village Green Alley
30,Skipfire,298-958-5539,00508 Ridge Oak Park
31,Photospace,955-532-6779,734 Kinsman Court
32,Aivee,914-663-3905,736 Anderson Center
33,Digitube,151-778-4347,190 Doe Crossing Hill
34,Roomm,517-292-1692,3 Sutherland Drive
35,Realpoint,388-848-8487,27 Loftsgordon Place
36,Bluezoom,776-528-2077,1010 Dixon Road
37,Dablist,685-917-6965,06710 Talmadge Way
38,Katz,990-221-2325,509 Dixon Avenue
39,Twinder,817-688-1179,61542 Kenwood Way
40,Voonte,725-336-9608,4 Colorado Center
41,Yadel,333-743-7196,464 International Circle
42,Mybuzz,633-482-0425,533 Kim Crossing
43,Photobug,793-630-4883,1 Southridge Avenue
44,Livepath,616-427-2507,183 Superior Lane
45,Wikido,808-783-1018,6654 Hazelcrest Street
46,Gabcube,920-741-5908,9 Elka Plaza
47,Realbridge,865-501-9062,17034 Huxley Way
48,Yozio,913-447-4743,0390 Thompson Place
49,Photobug,609-460-6699,4157 Forest Run Hill
50,Leenti,951-144-2617,6399 Amoth Street
51,Blogspan,724-534-3532,98 Graedel Pass
52,Quatz,959-744-6099,12 Stoughton Center
53,Oyoyo,315-576-3916,04312 Steensland Street
54,Minyx,753-668-1364,227 Green Trail
55,Topiclounge,653-282-2493,5490 Kensington Avenue
56,Youbridge,999-419-9128,51 Quincy Trail
57,Skimia,678-248-2110,8 Village Green Hill
58,Tagchat,746-431-8126,969 Sunfield Plaza
59,Trudoo,828-394-2260,78 Arkansas Pass
60,Flipopia,485-982-7596,02 Declaration Place
61,Buzzshare,196-549-5454,797 Milwaukee Terrace
62,Voomm,109-229-4703,56645 Ruskin Street
63,Shuffledrive,952-410-2226,98180 Eagan Trail
64,Voomm,464-159-9090,9972 Bluestem Crossing
65,Dabshots,510-368-6682,9 Ludington Drive
66,Snaptags,149-452-3699,6 Sommers Street
67,Devify,979-930-1448,20589 Elka Center
68,Browsetype,432-545-3687,84135 Katie Point
69,Edgeblab,744-739-1451,671 Vahlen Point
70,Aibox,753-572-4966,9627 Eastwood Park
71,Vinte,449-927-3041,0 Katie Park
72,Shufflebeat,836-123-6316,05 Dwight Court
73,Eadel,592-475-5815,4 Loeprich Way
74,Babblestorm,731-380-4630,9837 Grim Drive
75,Skinder,911-406-0929,59487 Monica Lane
76,Realcube,879-999-5920,187 Hanover Alley
77,Babbleset,878-745-7332,83689 Forest Place
78,Youfeed,190-137-9411,06 Swallow Circle
79,Demimbu,863-905-6325,29800 Warrior Point
80,Wikibox,499-575-5244,034 Drewry Terrace
81,Jaxbean,694-644-6192,28850 Melby Place
82,Dablist,457-608-7315,0 Jenna Hill
83,Voonix,942-478-4122,1015 Bultman Trail
84,Lajo,433-816-7509,0 School Point
85,Rooxo,666-232-0826,42 Lotheville Trail
86,Vinder,955-306-8254,848 Di Loreto Street
87,Pixope,586-658-3293,9 La Follette Drive
88,Rooxo,285-281-5231,077 Loftsgordon Drive
89,Jayo,270-786-7368,2 Lunder Park
90,Feedbug,114-276-8770,7 Pawling Avenue
91,Skynoodle,375-151-9902,34 Clemons Road
92,Skiptube,871-290-2929,027 Calypso Park
93,Zazio,651-424-1723,2 Main Crossing
94,Dazzlesphere,813-969-0235,5200 Old Shore Court
95,Mita,982-472-1379,0110 Nelson Parkway
96,Eire,650-467-3296,1809 Judy Avenue
97,Wikivu,591-989-5124,26 Cardinal Trail
98,Wordtune,543-488-3639,99014 Elmside Trail
99,Plambee,624-500-2652,23 Parkside Trail
100,Plajo,770-592-1193,25387 Jenifer Avenue
101,Talane,198-108-1181,200 Mallard Point
102,Gabtune,798-581-6266,99462 Eggendart Circle
103,Topicblab,240-907-5312,5795 Golf Course Parkway
104,Twitterwire,543-921-3177,8 Moulton Point
105,LiveZ,259-249-7171,97 Barby Point
106,Oozz,667-924-0468,8221 Crowley Hill
107,Topiclounge,628-811-9183,69461 New Castle Park
108,Jaxspan,554-267-5797,34 Scott Way
109,Kanoodle,541-374-5675,177 Blackbird Avenue
110,Meezzy,173-897-9379,44 Mariners Cove Junction
111,Tagtune,248-138-0994,11731 Tomscot Center
112,Ntag,824-355-5380,25393 Prairieview Junction
113,Yacero,219-370-9704,6857 Quincy Junction
114,Thoughtblab,910-515-8024,0925 Bowman Court
115,Mymm,496-788-6539,9710 Center Terrace
116,Yata,797-836-1718,72223 Hintze Street
117,Twimm,846-844-5893,332 Sullivan Crossing
118,Yabox,832-955-8787,34 Eastwood Trail
119,Twitterwire,966-988-2666,85 Marquette Crossing
120,Tambee,952-434-1060,1612 Evergreen Center
121,Leexo,880-829-9450,04252 Tony Way
122,Devshare,829-741-4626,6 Parkside Drive
123,Trilia,534-644-7306,54 Sunfield Alley
124,Thoughtstorm,826-780-8351,0420 Hagan Junction
125,Shuffledrive,118-187-7742,609 Autumn Leaf Crossing
126,Gabvine,640-214-5128,321 Chive Hill
127,Babblestorm,614-261-4155,40 Bowman Alley
128,Oyoba,796-138-3379,53 Merrick Parkway
129,Fadeo,684-230-6895,31 Mandrake Hill
130,Npath,420-906-7161,3 Memorial Alley
131,Feedmix,585-489-4717,4945 Chinook Way
132,Feedspan,827-416-5243,022 Badeau Lane
133,Lajo,722-234-7658,748 Swallow Terrace
134,Kare,609-693-8070,900 Algoma Plaza
135,DabZ,378-222-3798,444 Blaine Point
136,Zoomdog,321-574-1460,7499 Maywood Circle
137,Kimia,156-738-9376,1 Corben Court
138,JumpXS,211-930-2838,5869 Red Cloud Park
139,Wikido,429-626-3946,52283 Golf View Road
140,Skippad,678-780-4312,598 Prairie Rose Lane
141,Brainsphere,749-148-7614,77 Sachs Place
142,Quatz,813-682-3571,9 High Crossing Junction
143,Topicshots,367-781-4170,9 Clove Avenue
144,Wikibox,330-359-1726,3599 Superior Crossing
145,Zazio,463-834-4792,807 Arrowood Circle
146,Yakitri,738-245-8446,036 Shelley Junction
147,Skimia,604-190-5131,2 1st Lane
148,Quamba,949-648-6916,93 Eagan Road
149,Dynazzy,846-770-3688,03545 Declaration Alley
150,Kwideo,666-877-5058,57338 Southridge Drive
151,Youfeed,908-493-0080,3539 Hintze Court
152,Skidoo,645-448-4237,4447 Aberg Court
153,Quatz,492-557-7549,52 Russell Terrace
154,Wikivu,341-265-4108,1 Westridge Court
155,Zoomlounge,864-283-5365,60373 North Park
156,Livetube,804-740-9866,2 Bultman Circle
157,Blogtag,192-842-0157,15 Little Fleur Center
158,Flashpoint,797-509-9434,01221 Heath Alley
159,Devshare,176-819-0469,72 Hermina Parkway
160,Photobean,473-570-7516,7072 Alpine Park
161,Izio,540-465-4743,89 Brown Plaza
162,Photofeed,263-698-1810,6621 Golf View Pass
163,Jabbercube,316-902-3073,6655 Oak Valley Park
164,Dynabox,791-727-7286,6258 Milwaukee Place
165,Tazzy,892-358-3410,8458 Stuart Circle
166,Linklinks,759-467-3665,1209 American Street
167,Ooba,357-176-9521,50476 Dakota Lane
168,Divavu,959-522-3561,9 Evergreen Place
169,Skibox,254-565-9416,5677 Corry Plaza
170,Twitterwire,660-177-0037,45 Manufacturers Plaza
171,Skibox,660-946-1855,87 Vahlen Plaza
172,Flipstorm,807-254-7991,5280 Mcbride Plaza
173,Ailane,586-882-2379,33 Forest Crossing
174,Yotz,889-732-7120,99 Elgar Place
175,Yakijo,459-566-6674,0 Moose Parkway
176,Babblestorm,273-961-8041,996 Oriole Pass
177,Yacero,639-746-0702,138 Hudson Parkway
178,Zoonder,731-833-5976,1329 Arrowood Avenue
179,Topiczoom,193-387-7795,7223 Fulton Trail
180,Twiyo,927-941-7887,861 Spohn Trail
181,Voomm,164-739-4710,8 Pierstorff Crossing
182,Skyba,790-110-8880,765 Continental Road
183,Jayo,603-661-7380,9601 Bay Hill
184,Topicware,619-294-2546,405 Sutteridge Road
185,Jayo,595-580-5322,311 Fuller Hill
186,Katz,694-906-3661,79 High Crossing Drive
187,Meezzy,429-908-9741,9 Ruskin Junction
188,Agimba,649-345-7100,82186 Tennyson Pass
189,Eadel,541-838-3443,36256 Mosinee Lane
190,Latz,799-761-8187,56159 Oakridge Drive
191,Yozio,239-310-9643,968 Londonderry Parkway
192,Tagtune,451-987-4354,7657 Thierer Park
193,Jetwire,663-725-2823,55 Aberg Center
194,Leenti,806-598-4879,4122 Tony Street
195,Centimia,603-797-1673,474 Lyons Way
196,Miboo,271-112-0889,8 Mcguire Parkway
197,Aibox,741-588-2656,5464 Harbort Court
198,Twitterbeat,412-836-0878,87751 Orin Drive
199,Eare,133-606-4806,60 Meadow Vale Trail
200,Brightbean,759-713-4610,34 Cascade Lane
201,Ooba,447-450-1899,7364 Jenifer Street
202,Photolist,399-162-5906,1 Mccormick Road
203,Jetwire,105-233-1729,1 Londonderry Point
204,Oozz,447-422-3483,26 Cambridge Court
205,Kanoodle,334-180-3516,41772 Anderson Terrace
206,Meejo,105-947-6502,5 Little Fleur Trail
207,Ntags,489-711-4673,4 Graedel Trail
208,Tagcat,513-727-4044,25205 Manufacturers Court
209,Jaxworks,865-171-6256,79 Bashford Parkway
210,Innotype,645-277-9711,2 Cody Center
211,Bluezoom,708-759-7511,2 Bartillon Park
212,Livepath,603-244-3154,229 Marcy Place
213,Browseblab,294-866-7273,49 Northport Center
214,Blogspan,744-170-7216,6 Pankratz Circle
215,Gabvine,537-319-6057,069 Mallard Road
216,Kazio,366-659-4019,7 Springs Lane
217,Dabjam,167-691-0970,1 Kennedy Plaza
218,Trudoo,962-664-3574,377 Scofield Parkway
219,Shufflester,776-391-5451,43 Fordem Court
220,Lazz,908-768-1023,4950 Eggendart Point
221,Skynoodle,394-318-7992,939 Coolidge Park
222,Vinder,573-476-0746,4 Rockefeller Court
223,Eare,922-939-0044,95742 Dovetail Junction
224,Twitterwire,793-246-3395,427 Merchant Terrace
225,Agimba,512-728-5637,5375 Fordem Avenue
226,Rhyloo,868-950-2920,35098 Pine View Crossing
227,Flashspan,880-717-7056,017 Pond Street
228,Skinix,895-491-2911,54102 Hallows Hill
229,Twitterwire,838-922-2389,48 Karstens Road
230,Trudeo,116-818-1586,7 Talisman Plaza
231,Meezzy,124-142-3464,10 Mitchell Place
232,Brightbean,213-984-6950,608 Farmco Point
233,Browsecat,384-574-2838,60 Hudson Court
234,Realcube,111-451-4077,85 Hudson Parkway
235,Jatri,806-315-1581,0528 Loeprich Center
236,Flipstorm,136-682-7336,50300 Nobel Center
237,Ntag,539-832-7286,15 Pearson Junction
238,Feedfish,407-872-6943,193 Mccormick Center
239,Photospace,563-906-0791,49 Mockingbird Hill
240,Devpulse,778-723-5706,81498 Donald Trail
241,LiveZ,219-909-2470,2 Steensland Lane
242,Trupe,224-874-2371,776 Hallows Plaza
243,Eire,192-334-4185,54507 Emmet Junction
244,Yodoo,759-243-6530,239 Mccormick Crossing
245,Mymm,211-800-5052,2747 Meadow Vale Drive
246,Kayveo,495-947-5667,17907 Raven Road
247,Eidel,560-536-9488,2 Maple Crossing
248,Zoomzone,924-212-3157,244 Fremont Junction
249,Mita,487-736-9149,793 Gina Plaza
250,Bluezoom,142-767-7047,80 Corry Alley
251,Aivee,391-208-5681,3238 Kenwood Park
252,Leenti,135-302-5068,0593 Spaight Center
253,Thoughtsphere,395-149-0842,93430 Mosinee Avenue
254,Zooxo,903-461-0541,5 Maple Lane
255,Yombu,774-977-7976,87767 Straubel Point
256,Dazzlesphere,142-193-8631,24702 Holy Cross Avenue
257,Edgetag,784-484-2865,5211 Warner Drive
258,Avavee,249-592-1302,48579 Hauk Park
259,Rhynoodle,106-777-4056,2588 Service Point
260,Wikido,547-427-8436,9 Sullivan Street
261,Ailane,990-648-0935,10770 Prentice Crossing
262,Jetpulse,831-861-7595,23 Surrey Way
263,Quatz,810-170-8885,042 4th Court
264,Divape,562-556-7566,30938 Lindbergh Road
265,Jamia,463-942-1345,07319 Pennsylvania Hill
266,Divavu,281-797-1968,952 Steensland Center
267,Janyx,435-656-2499,7985 Shoshone Circle
268,Babbleblab,856-735-4120,7350 Harper Crossing
269,Voonyx,738-252-4438,874 David Pass
270,Gabvine,399-503-0229,17 Sundown Avenue
271,Yakitri,907-673-6355,27776 Bultman Lane
272,Bluejam,763-370-7082,0634 Jay Court
273,Quimba,384-543-8370,6625 Beilfuss Road
274,Jaloo,524-228-2365,61 Anderson Parkway
275,Skipstorm,534-837-9525,5 Sloan Park
276,Zazio,532-143-6471,5047 Duke Park
277,Dabvine,212-654-6277,145 Truax Drive
278,Shuffledrive,827-736-3420,04163 Twin Pines Road
279,Muxo,719-421-2303,96554 Forest Park
280,Fliptune,789-865-7620,14347 Farmco Avenue
281,Dabjam,106-608-8733,58 Kenwood Crossing
282,Digitube,599-496-7789,1 Graedel Pass
283,Vimbo,827-324-4780,5 Namekagon Court
284,Feedspan,700-751-0551,09710 Loftsgordon Circle
285,Skibox,505-962-8548,46101 Hazelcrest Circle
286,Kayveo,744-511-5797,85 6th Drive
287,Trudeo,929-195-0030,6744 Killdeer Way
288,Babblestorm,912-530-4580,0272 Carey Junction
289,LiveZ,670-629-7854,8 Golden Leaf Drive
290,Topicshots,705-256-4726,11276 Sachs Crossing
291,Youopia,646-742-9365,6102 Linden Hill
292,Blognation,721-212-5934,21 Arrowood Street
293,Roombo,174-693-7434,698 Paget Crossing
294,Ainyx,925-983-3753,24 Waubesa Hill
295,Mudo,409-208-0947,4964 Jana Point
296,Fivespan,562-153-2790,0601 Hovde Trail
297,Avamba,968-798-6219,073 Annamark Lane
298,Realbuzz,574-293-3163,52 Dryden Hill
299,Jabbersphere,895-920-1072,4 Dayton Road
300,Omba,710-403-5121,181 Meadow Valley Hill
301,Skiptube,835-202-1667,00 Hoepker Trail
302,Tazz,647-548-0460,5427 American Ash Terrace
303,Twitternation,335-793-8811,0688 Ludington Lane
304,Edgeblab,800-637-6417,091 John Wall Way
305,Innojam,240-172-2392,1744 Dixon Junction
306,Babbleset,446-209-8044,8371 Commercial Crossing
307,Devpoint,274-515-0616,78 Lillian Avenue
308,Livepath,561-812-5583,13311 Buena Vista Place
309,Jabbersphere,185-867-2192,823 Westerfield Center
310,Trupe,658-592-0717,117 Forest Run Plaza
311,Skivee,382-304-0915,28077 Norway Maple Way
312,Ooba,545-787-2914,5781 Lyons Point
313,Centidel,906-443-9050,6406 Anniversary Center
314,Roodel,571-432-5025,87640 Scott Parkway
315,Realblab,610-902-3539,21 Memorial Hill
316,Flashdog,492-129-2437,37117 Helena Circle
317,Yakijo,631-244-8488,8526 Kingsford Junction
318,Trupe,430-414-7687,51 Hovde Center
319,Topicware,615-246-3823,81308 Autumn Leaf Alley
320,Muxo,222-179-2547,630 Arkansas Circle
321,Zoomdog,956-308-9345,6 Macpherson Pass
322,Quaxo,449-106-2048,9097 Sachs Place
323,Ainyx,688-704-3304,793 Park Meadow Terrace
324,Zoombeat,806-936-0673,1 Sauthoff Terrace
325,Devcast,131-242-1347,809 Rutledge Pass
326,Devshare,605-520-6175,02768 Hintze Plaza
327,Yombu,773-540-4383,1886 Lunder Plaza
328,Omba,231-688-9979,9 Merchant Pass
329,Realmix,265-235-5124,2 Westerfield Hill
330,Feedbug,764-161-8273,28 Eliot Pass
331,Skimia,773-982-6863,39099 Bartelt Road
332,Fiveclub,657-445-0699,1417 West Pass
333,Demizz,696-997-1686,73768 Dorton Circle
334,Zoomdog,385-692-5548,0221 Northport Trail
335,Voomm,784-483-9199,9838 Merrick Parkway
336,Gabtype,149-840-6916,0601 Eastlawn Park
337,Aimbu,256-479-4055,34 Orin Circle
338,Trudoo,132-878-0894,814 Sloan Park
339,Skilith,695-176-5995,3 Sheridan Park
340,Dabjam,482-204-9143,92508 Waywood Terrace
341,Zoonder,847-454-3833,1 Manitowish Drive
342,Innojam,167-920-0558,12434 Manufacturers Hill
343,Kanoodle,854-652-1798,55 Ludington Park
344,Rhyloo,229-832-5635,78818 Amoth Road
345,Twinder,350-676-8428,069 Kim Road
346,Browsezoom,657-159-8795,72732 Ridgeway Park
347,Youfeed,338-714-9579,3 Upham Lane
348,Twinte,866-432-8952,1562 American Ash Drive
349,Quimm,665-520-9323,2 Manley Drive
350,Topicware,691-801-0275,138 Muir Park
351,Skynoodle,436-163-8385,36 Washington Road
352,Yacero,461-884-9000,728 Buhler Parkway
353,Topicshots,806-106-5105,75216 Barby Drive
354,Skyndu,898-567-3422,9 Carioca Avenue
355,Kazu,456-199-7310,88 Sheridan Circle
356,Vipe,958-737-4352,50619 Anzinger Junction
357,Innotype,826-745-9379,60466 Dovetail Parkway
358,Tagpad,881-110-2975,77 Randy Point
359,Gabtune,700-671-4104,92915 Mockingbird Trail
360,Riffpedia,995-236-1414,15 Troy Lane
361,Quimm,529-522-0059,20 Lillian Street
362,Meedoo,495-871-1886,680 Pennsylvania Parkway
363,Realpoint,783-335-9511,74 Fisk Junction
364,LiveZ,307-334-9975,3 Carpenter Crossing
365,Voonte,336-552-9167,85 Atwood Avenue
366,Buzzshare,884-134-6342,10423 Troy Park
367,Twinte,157-904-0608,60155 American Junction
368,Oloo,569-670-5534,71 Maywood Drive
369,Lazzy,433-126-2654,6809 Dunning Road
370,Zoombeat,970-324-3475,5218 Summer Ridge Plaza
371,Wikizz,661-180-8686,44 East Alley
372,Yoveo,768-913-9886,5400 Burrows Avenue
373,Topiczoom,826-294-1795,13773 Twin Pines Place
374,Trunyx,877-550-0977,07451 Delladonna Point
375,Kanoodle,288-244-9503,16 Bluestem Crossing
376,Mita,926-619-8375,520 South Circle
377,Cogibox,377-235-9677,523 Amoth Drive
378,Camido,792-873-7387,8740 Riverside Place
379,Dabtype,575-947-4335,36 Sheridan Circle
380,Tazz,470-782-0290,44 Browning Street
381,Dynabox,182-310-6239,1683 Lindbergh Drive
382,Yoveo,618-469-2179,3 Everett Point
383,Skinte,768-106-0409,70553 Becker Pass
384,Photobug,108-228-1077,87 Mcbride Terrace
385,Jayo,122-880-9287,23968 Bluestem Terrace
386,Quatz,882-789-7032,80 Rowland Center
387,Babbleset,655-515-6131,10362 Fisk Park
388,Skidoo,417-596-6819,51 Jackson Street
389,Brainsphere,388-244-9273,5190 Corry Way
390,DabZ,317-338-0551,5258 Sherman Point
391,Wordtune,427-926-0877,949 Jackson Way
392,Wikizz,539-356-3699,65215 Melvin Alley
393,Livefish,162-204-9899,647 American Ash Street
394,Youspan,613-404-5852,23042 Westport Junction
395,Skynoodle,717-125-1013,34 Bultman Circle
396,Aimbu,954-928-2061,22287 Nevada Circle
397,Livetube,297-729-8438,37289 Di Loreto Crossing
398,Rhycero,833-687-4446,67569 Northridge Court
399,Voonte,854-460-3487,08526 Arapahoe Parkway
400,Devbug,391-136-1118,9 Lerdahl Circle
