rating,feedbacks_id,feedbacks_date,comment_text,Items_id,customer_id
3.6,1,2023-09-18,Dinner conference add move ever window network recently call than make.,143,268
7.1,2,2025-02-26,Off light key continue anything wait local.,84,42
9.6,3,2025-01-18,Husband available picture approach chance none fight yes.,288,292
3.8,4,2023-07-22,Share paper so difficult mission late kind team wrong figure perform participant science way debate.,226,91
1.5,5,2023-10-01,Produce church community avoid able late order fact discuss religious reflect.,122,164
6.4,6,2024-04-07,Reach under skin person product value interesting name.,239,380
1.5,7,2024-09-05,Training step author coach film see notice eye buy.,42,147
8.4,8,2024-10-06,Record wall matter management ball always it focus economy before while.,328,69
6.9,9,2025-01-29,Onto again share start office several compare million kind everything young job sport why like.,400,310
3.9,10,2024-03-03,Fly bit claim in many production hundred set already because education break.,234,218
5.6,11,2024-12-11,Ten stay ability thank left approach million performance material kind appear environment capital.,300,53
7.0,12,2023-11-30,Thing machine ahead picture son report financial add impact different success box water.,339,258
1.8,13,2024-09-05,Marriage respond meeting event strong woman during necessary himself.,253,259
3.0,14,2025-04-06,Meet these tell everybody so increase various meet star executive fear only your majority chance Mrs.,274,273
7.8,15,2024-01-14,Necessary myself lay focus country recently occur do simply analysis seat relate.,40,342
3.0,16,2025-01-10,History professional star wonder manager already maybe opportunity thank them key moment.,353,154
6.6,17,2024-04-09,Reveal improve pressure child light wide full.,180,192
7.6,18,2024-10-10,Power system system teacher here first responsibility service their along attention piece TV.,61,176
2.5,19,2023-10-14,Its better plant their kitchen really tough animal.,186,391
2.6,20,2024-12-29,Fall hear certainly most not society color bad.,206,317
1.9,21,2025-02-25,People drive tree central leave effect effort act source top quality citizen.,224,398
1.5,22,2024-03-29,Write federal while real lead few yourself table blood high grow fast.,261,51
5.0,23,2024-10-15,Against stop how account ten sing wind treat seat strategy total.,178,218
2.2,24,2024-12-13,Parent good PM per question return process stuff pick tough.,101,163
8.1,25,2024-09-04,Final kid often run bed far section.,309,240
4.2,26,2023-09-04,Car much will most tree store either station loss southern.,318,187
6.3,27,2024-11-20,Sound life away senior difficult put purpose however suffer newspaper bed house.,392,396
8.9,28,2023-11-12,Buy happy see energy herself police he push likely people wall foreign particular positive play.,173,61
4.1,29,2024-04-15,Power bring animal also you break doctor Mr home he we.,241,256
4.1,30,2024-10-12,Industry score choice increase between majority impact week allow have kitchen wear talk between rate.,352,168
7.2,31,2024-06-16,Art every why we station begin deep police wife anything four writer.,7,335
4.0,32,2024-12-22,Day stop never only spend do similar small other everyone worker would music sometimes body.,48,284
2.4,33,2025-02-21,Capital group small open administration enter camera.,358,172
1.9,34,2024-03-12,Box as large gun order later develop past road training probably feeling poor all your.,131,17
2.7,35,2025-02-07,International blue Republican kitchen tonight focus chance call person one Republican herself our.,234,227
5.1,36,2023-12-06,Measure involve soldier boy pressure there necessary tend involve thousand including still human role.,240,44
5.6,37,2023-12-19,Fine effort well rather listen before be it season head candidate art what.,299,15
8.2,38,2024-06-30,Prove improve them wait institution trouble anything explain fine billion medical choice.,352,217
9.1,39,2024-04-29,Suggest glass news boy everything difficult investment night should perform.,392,342
4.2,40,2024-09-26,Ago upon stop environment Congress reflect finally fund accept thank not husband center plan air.,143,362
1.7,41,2024-11-20,Democrat information game have return since nothing be apply church pay purpose evening product magazine.,39,115
1.8,42,2024-03-29,Event sense box involve exist question main project animal house out account feeling.,22,41
4.9,43,2023-10-02,Share face build market issue can mouth discover next.,56,273
8.8,44,2024-09-20,Author technology amount affect TV television office of remember individual boy again.,386,240
5.2,45,2023-12-29,Soon peace story turn because such during open model.,104,93
2.9,46,2024-02-22,Second develop single baby plan most create simply go when population.,262,330
8.9,47,2023-08-13,Bill eight community check service away week physical less nor.,302,173
6.6,48,2024-07-14,Race think poor worry follow wife firm key light place someone option goal avoid.,123,44
6.1,49,2024-04-13,Also hard expert popular within bed order his oil west school American training occur.,297,250
2.9,50,2023-09-14,Painting may whatever late specific study word base position always remain yard.,398,109
8.4,51,2024-06-01,Particular hair truth hold simple quickly appear piece free form newspaper hit edge surface who.,291,145
3.7,52,2024-08-01,Four old center glass whose recognize hot organization visit.,286,386
5.4,53,2023-12-17,Heavy social spend prove stock school rate money position interest gun guy Congress degree way.,273,167
2.0,54,2024-05-02,Difficult case baby such big side strong this also from.,265,155
3.9,55,2024-12-06,Capital heavy class story side speak close join improve put down know expect security large move.,43,42
4.7,56,2023-12-17,Tough create question now key show sing me industry class current painting their appear.,93,370
4.8,57,2024-04-28,Never bill suffer surface expect several evening town challenge join watch develop.,180,74
9.8,58,2024-04-05,Us increase how hear history bank different five between research friend certainly.,172,5
7.3,59,2023-05-20,True line story serve light past town affect democratic change vote.,171,17
2.8,60,2024-08-05,Institution simply down business draw police performance artist student matter movie place offer responsibility fact.,377,233
6.3,61,2023-04-22,Good number cost property model guess well name skill medical after them analysis hit health section.,345,17
8.4,62,2024-01-23,General run pick sign same forward and national.,374,211
3.0,63,2025-01-11,Store range wonder long consider care respond want already.,319,134
2.6,64,2023-09-24,Social though firm financial huge spring list.,237,284
2.5,65,2023-05-19,Experience television answer pretty event son join hundred keep what.,377,3
4.4,66,2024-01-09,Many marriage under mind song risk bad own state.,350,93
2.0,67,2024-06-17,Fly bag produce fill owner international ready goal amount thank good.,70,120
5.4,68,2024-03-23,Police social arm provide image message seek civil all support question.,9,214
6.6,69,2024-03-26,Call door population gun we allow check.,157,117
2.8,70,2024-04-04,Head several off morning huge power economic box save material hit no.,173,255
5.4,71,2023-11-10,Region Democrat partner really your customer career available common require young.,94,286
3.0,72,2025-01-09,Property remember nearly face feel church remember record company gun difference world.,229,172
8.0,73,2024-12-26,Door management guess occur level work candidate this assume.,312,12
4.3,74,2024-02-24,Moment shoulder statement available win politics last quite general there sister policy consider whom.,155,228
4.6,75,2024-03-22,Treat area buy check clearly follow remember generation wait thus suffer economy play nearly.,348,138
2.6,76,2023-07-27,Field move maybe collection walk child probably result painting successful nor stay agreement animal political officer.,104,309
8.6,77,2024-09-07,Short indicate police marriage phone face what lot source rate.,304,26
6.7,78,2023-12-08,Authority art keep machine daughter parent fine responsibility safe team wish candidate have no.,106,51
4.4,79,2023-12-24,Letter environment easy best face his past eat tend civil.,354,58
3.1,80,2023-12-31,Return couple city you level these market bed hotel lead drive on any example our.,378,163
2.3,81,2025-02-03,Experience account blue care enough hand idea and anything no guy eye hit late.,3,185
3.8,82,2024-06-21,Stay perhaps particularly campaign benefit health would newspaper hand certain own.,147,358
3.1,83,2024-02-26,American although require sound mind chance throw cause use five hotel pattern successful order.,234,70
5.0,84,2024-05-19,Mother remember feel staff happy purpose woman on someone rise read ago listen whose situation.,328,18
6.8,85,2024-12-13,Officer return on color pick people subject challenge quite all way body affect finish charge real.,375,294
1.9,86,2024-03-04,Simple turn their save artist catch debate foot production moment finish community treatment garden.,381,192
6.1,87,2024-01-21,Particular court east newspaper different win father eye debate relate first.,20,33
8.5,88,2024-01-16,Value somebody event business quality here woman stand west source fact explain research get kind.,391,167
8.1,89,2023-11-06,Degree still even no even body scientist dream anything toward difficult do beyond form.,361,249
1.1,90,2024-04-21,Race case who within citizen present thing little.,12,199
1.3,91,2024-09-07,Sense expert experience arrive shoulder present discussion school sure also.,37,330
6.5,92,2025-04-05,Individual study value already structure small control see the.,377,337
8.8,93,2023-12-01,Across nothing blue work expect writer myself.,359,394
6.1,94,2024-05-08,Surface life cover both class learn either control say.,369,261
4.1,95,2024-12-25,Nothing serious compare task today still middle beautiful protect continue cell.,80,372
4.4,96,2023-12-28,According himself land environment form old of end growth door.,32,105
4.8,97,2024-09-20,Let civil rather type thousand show real police wait.,291,381
4.5,98,2024-01-31,Determine whatever long lawyer writer health reduce tree serious soon stay seven quite other skin moment.,348,348
8.5,99,2024-06-04,Back nor article natural measure of change foreign minute break day on.,213,81
10.0,100,2023-06-30,Knowledge argue car indeed nor next pull final against effort able design authority interest red.,311,27
9.4,101,2024-06-14,Various attorney value all important shoulder she within.,158,66
9.8,102,2024-09-03,Hear through large true help bag who themselves card team budget year hotel.,375,284
2.5,103,2023-07-28,Strong series without leg rest interest here discover leave choice.,77,150
1.3,104,2023-09-14,Allow produce past view threat drive attack order.,366,387
8.6,105,2024-04-01,Public the each analysis keep music senior simply cell year doctor trouble office officer significant stand.,92,362
4.6,106,2023-10-22,Then worry miss including every news option same compare quickly new.,309,159
9.8,107,2023-05-27,Walk provide skill five indicate chance heavy senior list support feeling remain.,169,232
3.2,108,2025-01-05,Trip none whose newspaper care drug data position two suggest begin right couple environmental.,227,203
3.5,109,2024-09-25,Owner them could seven right next look thank four whatever address view while bring yourself look.,148,223
9.2,110,2023-10-26,Region however dream focus executive letter possible final growth third letter sort reveal seven floor data.,250,193
7.1,111,2023-12-20,Animal ten scientist administration network once result far cultural discover now early nearly.,82,139
9.2,112,2024-10-03,Either start whom politics make collection some college result major true my.,226,136
7.9,113,2024-08-31,Model stuff avoid stand any according case piece.,4,348
4.3,114,2023-06-12,Across media health pay project pattern low maintain according.,356,164
6.4,115,2024-06-22,Activity morning ever within admit spend purpose south travel blood benefit chance court.,324,182
9.4,116,2024-06-02,Spring environment however health image north wrong difficult range summer president.,71,278
1.4,117,2025-02-15,Behavior here need argue act commercial matter.,50,223
5.4,118,2024-03-23,Not teach believe month amount deep test thought little another avoid understand.,332,227
9.2,119,2025-03-19,Nor allow up fire which onto sell require huge baby class drive strong home to.,320,137
6.8,120,2024-01-03,Sense cause write right may window approach join stuff future shoulder western however.,168,67
4.2,121,2024-12-11,Ahead event yeah make green wait it quickly produce beat peace something.,322,274
7.0,122,2024-10-25,Bank child Republican plant science first blood accept.,115,245
9.7,123,2023-12-16,Growth especially car cost large never impact ago government behavior our foot history.,359,68
1.6,124,2023-12-03,Hold be top toward within occur college herself catch feeling manage as itself.,377,232
7.8,125,2024-03-13,Machine baby edge east person order crime blood fight we forward.,254,207
2.1,126,2024-08-14,Sound forget friend spring teacher wind carry fly water cut fire who.,200,164
8.2,127,2023-12-24,Same plan whose site for exactly skill half usually customer young.,7,66
6.9,128,2023-09-07,Agree road wall decide something story attorney summer some pull cause field education child institution.,312,248
6.3,129,2024-02-07,Last our old move type thank industry already.,216,146
8.3,130,2024-01-25,Order trial body eat professor coach partner none population position whom former someone black better.,270,147
10.0,131,2023-10-10,Section newspaper reach determine hear leg quickly real character young lot far turn beat story.,47,88
4.7,132,2024-11-08,Give gas six miss give best reveal laugh attack.,125,137
4.6,133,2023-05-25,Against gas body son upon scientist might necessary.,400,320
4.5,134,2024-01-03,Interview left something picture control price how scene third last involve above Democrat everything region.,224,286
8.3,135,2024-12-29,Officer son Mr hand culture box provide majority.,279,23
8.3,136,2024-08-29,Others particularly only girl suddenly pay sport relationship father pass be care.,189,170
9.8,137,2023-07-21,Figure consumer really memory industry case himself control player really.,135,259
9.7,138,2024-09-03,Never majority cell fire late approach grow act carry.,18,174
1.7,139,2025-01-13,White measure manager range indeed style major bar air set factor ever Mrs.,110,240
5.1,140,2023-08-29,Not significant manager member of environmental myself yard my series service kid despite interesting.,242,378
10.0,141,2024-11-12,Fear yourself last give stage keep yes simply down specific.,190,211
1.7,142,2024-07-20,Technology particular into pattern size spend south now mother others collection without.,398,186
8.6,143,2023-12-04,Of weight method too spring career seek in arrive everyone pretty.,317,398
1.1,144,2024-10-16,Economic represent stock seven put majority officer environmental increase.,228,369
6.6,145,2024-04-06,Plant they behavior middle everything view hard wear.,72,168
4.2,146,2023-12-31,Able similar run room learn professional group as move design involve deep environmental stock front official.,385,278
4.4,147,2024-07-03,Small thus several animal phone student administration upon citizen lead yeah into yet travel.,287,261
2.9,148,2025-03-06,City usually ever pressure economy head tough close how figure record.,316,316
4.9,149,2023-10-19,Pretty region ability live car difficult quite act receive stage write institution car.,79,171
6.4,150,2023-06-15,Him room bill finish thing case similar send card year.,58,41
7.4,151,2023-08-09,Most across practice key reveal physical character in.,9,351
9.8,152,2024-10-05,Team beautiful beyond sell operation himself white fire cause everybody base network outside.,55,275
1.4,153,2024-08-04,Single real summer probably feeling military meeting security far approach today.,252,379
6.2,154,2023-10-23,History drop point audience thousand activity guess first hit stuff inside national common likely.,155,352
6.1,155,2024-12-09,Admit attack energy always art smile media pick.,37,193
2.8,156,2024-05-14,Interest I policy Mrs check base bad TV window choice force only shake.,125,359
9.4,157,2024-09-06,Financial join well draw each under break partner.,54,223
7.1,158,2023-06-02,Program price compare actually case activity market get military state else.,139,253
9.3,159,2024-02-03,Seek them run brother tonight friend investment model enjoy.,209,76
7.9,160,2024-07-11,Baby lawyer growth matter note happy effort bill off reveal direction meeting analysis television each line.,187,233
4.6,161,2024-02-12,Condition whether along sort research pretty different eat trouble.,196,390
1.1,162,2023-12-25,Step number budget pull apply development middle animal husband theory tend.,171,283
2.1,163,2024-12-11,Force network account customer nor fight performance less option management significant.,367,365
7.9,164,2023-09-19,Set early according improve do get style theory week ability price support road billion morning.,339,253
5.1,165,2023-10-22,Man art young Republican behavior TV today mind red head window be believe.,231,236
5.9,166,2023-08-02,Avoid nothing itself who door end fire song red save fish evening avoid.,87,290
9.9,167,2023-09-25,Sister once choice clearly letter image movie who debate.,382,211
7.8,168,2023-12-16,Enter build citizen rather step recent American structure foreign before eat green message quality.,304,246
5.6,169,2023-11-09,All identify laugh security economic left sound cause activity.,343,179
8.0,170,2025-01-24,Candidate statement head piece popular old else spend against ask.,44,117
3.0,171,2025-03-21,Speak begin suggest speak business walk anything under item right many him interview.,122,123
6.8,172,2024-01-20,Traditional every land chance pass pay positive material third look.,250,9
4.6,173,2023-06-28,Him information poor something eat yes myself affect him require look.,398,22
8.3,174,2024-12-17,General not focus establish ago others ahead specific exactly speak line group once do.,338,338
5.5,175,2023-08-22,Easy drop move social say shake way offer.,43,184
6.0,176,2024-12-30,Great stuff suddenly compare or south recently trial agreement red way nor none.,395,195
9.9,177,2023-09-14,My compare also argue own after long forward pass southern future concern sort than.,66,375
5.9,178,2023-06-06,Challenge relate center book money half authority.,105,70
7.4,179,2024-10-19,Only from follow wish run join police maintain fish religious no threat party.,126,321
6.7,180,2024-01-23,Program sport her safe family concern ability reduce of surface.,35,30
6.1,181,2024-12-09,Allow own TV whose determine not view cell seat draw word collection those become remember.,272,223
4.9,182,2024-08-29,Land enter economic attack either blue ability history run why this manage.,126,204
9.5,183,2024-02-09,National big look tell prepare reach class available suffer far five weight.,385,180
9.4,184,2023-06-17,Color heart rule natural together behavior order party lot all wall close.,55,166
1.4,185,2025-03-12,Church big day couple recent reveal role enter example down anyone occur style.,68,121
6.0,186,2023-08-18,Guess into far product outside current agent.,92,308
6.8,187,2023-08-31,With list break size likely thus enter politics hold he high.,259,18
4.3,188,2023-09-12,And keep enjoy student nor character recent benefit property space including series dinner article.,202,55
6.0,189,2024-02-15,Industry movement term little think live bad total research maybe too song quality per build.,352,236
9.4,190,2024-11-29,Common worker will speak call interest write itself young physical street election treat trial.,210,106
2.2,191,2023-06-12,Hold however for everybody leader them skill performance.,112,37
6.6,192,2024-05-30,Both change note old who beyond black single size test they there enough.,215,226
5.6,193,2024-09-10,Occur list common idea peace race I how these real any little environmental head.,387,18
2.9,194,2024-01-08,Financial successful teach range win direction feel season similar fly rock.,160,168
2.0,195,2024-08-02,Could deep station scientist service test start middle.,299,133
4.5,196,2023-08-22,Find medical career surface these ahead cover strategy.,114,214
5.8,197,2025-01-30,Economic lead truth relate ever statement measure play.,300,391
7.3,198,2023-07-26,Drop major land whether listen necessary general.,373,27
6.8,199,2025-01-30,See read expect hit clear occur who tax positive question especially.,102,151
5.4,200,2024-03-04,After sister should across treatment positive over across education source figure whom poor interest heavy.,329,21
2.1,201,2024-01-16,Edge level quality station however bill memory production successful hear positive participant fear blue.,314,45
6.2,202,2023-06-09,Write political technology end represent throughout federal change she tonight south sort.,53,239
9.4,203,2024-07-30,Produce race return pretty young else industry home along remain occur couple risk.,179,29
2.8,204,2023-10-10,Point little wait grow feel color price next family likely scientist rise next tree water.,239,58
5.6,205,2025-03-19,Pressure develop development the inside thought he one less brother approach plant.,400,194
2.7,206,2024-07-14,Author threat matter test high fear approach take case customer important notice trade leader first resource.,336,203
2.5,207,2024-12-16,Maintain piece computer play above event seven collection.,13,297
4.2,208,2024-12-04,Majority shake because pass plant idea whole himself also.,279,81
8.9,209,2023-09-22,Wear throughout series most adult above safe difficult theory fine bill me.,160,116
4.5,210,2023-12-14,Assume animal way lay minute model its rather card.,254,263
9.7,211,2025-03-21,Grow could way truth idea direction road capital safe operation college hand practice also.,325,93
2.4,212,2025-03-01,Side perhaps order answer blue structure answer break know buy education.,182,201
7.1,213,2024-10-17,Day rate act inside big minute performance red industry.,23,268
3.1,214,2025-03-18,Memory pay executive size marriage participant sing story.,221,379
1.5,215,2023-09-24,Region far always many debate value former able public trade structure protect.,152,15
2.0,216,2023-08-14,Single avoid rich toward popular lead with enough.,40,204
1.1,217,2023-05-29,Spend them system growth quality international break surface.,109,62
4.5,218,2025-03-12,Act catch positive forget thus western environmental.,74,184
5.0,219,2024-11-10,Head garden box hundred lead structure ready long.,246,390
3.6,220,2024-03-13,Both receive around wall city indeed opportunity soon question.,228,197
9.6,221,2023-09-08,Here grow agreement range stuff wind candidate turn both in animal energy fire relate question should.,153,51
9.2,222,2024-07-11,Difference what their mind read peace item risk loss professional political chance step throughout party.,88,373
3.9,223,2023-04-30,Measure light many close seem fly former everything medical.,386,23
1.5,224,2024-06-21,Idea dog learn soon large task language budget market president bill include.,258,200
5.8,225,2024-06-26,A before page people fight meet deal public wear guy approach development lawyer nice people.,32,79
1.1,226,2024-04-22,Respond box service develop game stop who factor miss reduce animal clearly.,120,348
2.3,227,2023-08-08,Blood particularly could us hotel lead sit response blue increase unit study open.,81,92
8.7,228,2024-12-10,Leader operation mean white above save network item one under sit travel reality community.,90,241
9.3,229,2025-01-13,Billion price paper focus thing industry participant realize eat.,247,190
3.9,230,2024-02-24,Wife laugh card include record security federal reduce team Republican very plan.,160,228
3.1,231,2023-09-24,Person fact generation public wonder practice when mean reason follow.,69,340
8.6,232,2023-07-19,No old wall report purpose throw move there institution actually blood herself.,161,129
7.9,233,2023-06-01,Customer seek claim expert economy style real far.,262,173
9.8,234,2024-11-26,Allow sport bill test science ten score night down six sometimes explain professor unit hold.,235,335
8.9,235,2024-12-23,Whole approach season data than team kitchen difficult plant remember happy open.,291,232
5.3,236,2024-11-14,Cultural right cover large work avoid while same budget American evidence enough claim suffer accept letter.,95,30
6.3,237,2025-04-18,Always up others similar personal successful feeling so nearly.,297,166
1.9,238,2023-06-16,Moment whatever minute skill city myself idea glass third professional former family.,102,190
1.8,239,2024-11-25,Most you statement wonder across protect knowledge toward party perform where radio fly trouble war history.,53,275
4.9,240,2024-06-13,Agency might side method meet main fast prepare fly bank benefit.,65,393
6.6,241,2024-12-11,Mouth phone decision picture defense rate structure day stock these scientist itself stage authority rather.,163,117
1.4,242,2023-05-09,Response also available concern edge audience start treat imagine later identify first hope brother.,263,228
7.0,243,2023-04-25,As second animal summer group me face rate paper example unit high state air choose detail.,24,125
7.2,244,2024-11-21,Someone support far plant fear thought whole term possible whatever action themselves center.,106,92
2.4,245,2023-05-23,Of hour natural be decide scientist rise.,337,316
8.8,246,2023-10-02,Town surface central contain pattern education boy provide note approach seem wrong nature.,330,196
4.2,247,2024-09-02,Available public economy culture oil week ground provide doctor expect attorney cover magazine foreign process.,267,87
4.1,248,2024-10-10,Charge note space when collection finish size Republican political everybody growth quickly former lose knowledge simple.,220,357
6.2,249,2024-05-03,Board population bank exactly step through cultural safe phone road throughout support place spend often.,165,103
1.6,250,2024-12-08,Defense already end thus music president chance hotel through operation tax card may bed hair action.,234,133
7.7,251,2023-10-23,Range serious cell city not not the certainly rule voice American seven discussion enough doctor protect.,28,130
8.6,252,2024-05-27,Hold truth thing always possible billion why plant event score official now.,344,191
1.7,253,2024-02-07,Half president structure might heavy trade might good test main lot page.,234,25
9.6,254,2024-05-14,Key discover method exactly change church own stage produce.,244,84
6.8,255,2024-03-08,Result loss long decision claim street against amount of claim picture always.,102,109
7.6,256,2024-07-08,Argue election conference when out nor affect rest product.,235,13
4.5,257,2023-11-27,Describe paper likely loss detail improve central old.,19,63
1.2,258,2024-12-07,Perhaps member cold rate two others attention her car.,362,129
2.2,259,2023-05-03,Mission training range step painting concern top outside there mother.,174,107
4.1,260,2024-11-25,Behavior process top much ability visit question issue inside.,260,50
8.6,261,2025-02-28,Recently investment voice lot shoulder go source.,68,233
4.6,262,2025-03-26,Best care local discussion teacher exist theory impact country remember smile official brother according pressure.,318,83
4.6,263,2024-10-06,Impact blood international one end movie north partner yeah however data need.,51,64
3.4,264,2024-06-27,Condition next low write officer similar huge catch tell budget discover situation we beyond.,60,37
3.6,265,2024-05-19,Skill song pass range appear home player source statement likely outside because enjoy.,42,265
6.7,266,2024-02-03,Participant right us husband prevent expert white arm.,17,269
2.7,267,2024-12-11,Policy keep cut prevent sound experience almost outside middle.,55,32
2.7,268,2023-10-17,College already dream a church you sister good house only military say attention bed expect stop.,258,98
5.8,269,2025-03-31,Give white everybody paper create upon offer end imagine blood authority family water sort what then.,272,227
5.1,270,2025-01-11,Economic kind help low during fund simply race to television loss election him small detail.,117,390
4.3,271,2024-10-16,Son include good movie red enjoy expert human see garden.,188,170
4.9,272,2024-06-24,Live government thus especially water raise travel material current.,296,293
6.8,273,2024-11-12,Their deal dark economic peace choose blood turn put professional.,396,66
8.1,274,2024-08-09,Share must amount lot per manage world.,227,310
9.3,275,2025-03-17,Than make worker trouble exactly develop office approach son long must maybe hour rather company.,120,27
6.2,276,2023-07-23,Least ready activity decision ok foot party employee nature down likely party hand material decision.,290,354
6.4,277,2024-10-16,Half hundred late number without rather sport result sound new task cultural.,256,29
7.7,278,2025-01-01,List act instead care throw piece move firm main.,216,56
2.5,279,2023-11-01,Teach answer between clear democratic effect stuff benefit seat employee growth newspaper special general in.,185,323
1.5,280,2024-01-18,Current office power company sister great pull maintain say threat high expert place certain cold space.,284,319
4.6,281,2024-01-08,Piece occur support author class direction first fact environment popular even know television.,140,236
4.8,282,2024-01-28,Minute late cold take by doctor edge season see decision however believe view list approach side.,17,99
3.5,283,2024-05-31,Billion peace base use hope director scene kitchen.,120,257
6.7,284,2023-07-28,Money color along ground trip ten level that various.,79,162
6.3,285,2024-06-20,Career way much opportunity lead see theory itself policy move training loss dinner.,54,237
2.2,286,2023-06-29,Film include choose action model serve carry expert movement reach man sense federal.,6,314
6.1,287,2024-12-05,Something others someone nature country think join economic resource position stock determine bad.,240,282
2.1,288,2024-08-18,Might son party really even possible mother especially could attention.,87,23
1.7,289,2023-08-05,Book lay laugh red man fly charge wide against win example.,135,35
5.6,290,2023-07-27,Road do character management game find son your less social form such weight.,270,384
6.0,291,2023-06-03,Simply author like court success stage stock business should eat side.,92,310
2.1,292,2024-03-30,Scene almost leave side miss word list race fine follow.,349,14
1.3,293,2024-08-21,Seat near business loss federal growth appear.,38,49
3.5,294,2024-09-19,Wind door its address some once how during why ok.,191,182
3.8,295,2024-10-08,Read choice side eat matter rather full wide service art green child movie blue.,32,214
1.6,296,2024-05-03,First next popular girl through run again help right economy.,299,69
8.7,297,2023-05-21,Religious next my majority note myself food life test out team civil most last.,31,399
6.2,298,2025-01-16,Must law simply media safe third people hair per fly as.,268,276
6.1,299,2024-06-12,Couple raise she child executive important focus benefit probably analysis visit condition all.,203,135
4.8,300,2023-07-13,Court all politics home majority perhaps opportunity any determine responsibility actually TV pretty up.,93,239
8.1,301,2025-01-26,Life police guess sea three state some around.,110,268
6.2,302,2024-08-12,More same strong back democratic mind big discuss history cover prevent.,224,315
7.8,303,2024-07-06,Way next newspaper second short office purpose reflect interview bit society nearly measure price move outside.,103,231
1.2,304,2025-04-15,Total nearly you suddenly include plan step food drive nation heart nearly.,5,195
2.6,305,2024-11-19,Growth laugh where a alone expect administration career three according worker.,259,31
2.6,306,2023-10-04,Against state ready every network news unit choice also green catch happen.,113,151
9.5,307,2024-07-16,Do specific begin hundred truth safe rich society common stay.,13,73
2.8,308,2024-10-07,Standard believe politics also space high sister two free they its us building side section.,355,151
3.7,309,2025-02-08,Up plant place approach modern floor north force recently check purpose young wife send offer bed.,217,214
4.4,310,2024-03-21,Skill challenge from live seat nature energy huge its recently seven.,184,273
1.4,311,2024-04-28,Cup house number night young modern drug entire involve range office both including half couple.,202,238
6.7,312,2024-01-13,Pretty show college glass start sort perhaps key under do rate choose rock beat science drug.,77,93
6.7,313,2024-08-15,Than star add really born late age decade Mrs.,303,120
3.1,314,2023-09-26,Model else low role center recognize adult on professional analysis color exist smile peace apply.,324,55
1.8,315,2024-09-10,At produce production tree growth blue fall.,63,375
5.3,316,2025-03-07,Discuss herself with between firm term mother cost may leader unit again easy.,359,391
6.0,317,2024-06-05,Four hotel church get goal personal door within may speech personal.,11,354
3.1,318,2025-03-03,Three spring ahead never exactly charge today prevent because him whether partner personal.,73,132
5.5,319,2023-10-14,Drive check wife travel forget my deal catch must son television finally relate.,99,71
7.6,320,2024-05-31,Involve training show prevent north citizen attack mouth rest.,368,241
9.2,321,2023-09-11,Style certainly ahead five win which field seat start PM scene charge.,195,223
4.3,322,2023-09-13,Capital ago worry pay paper partner others discuss.,261,187
1.1,323,2023-05-11,Bag sister care suffer light power contain hold listen clearly difficult impact.,375,14
2.9,324,2023-05-02,Wear development provide dark daughter computer western keep pay reach term.,146,4
3.4,325,2025-03-10,Into simply part station result hour voice occur movie political.,87,349
8.9,326,2024-10-18,Minute later still amount yet million how.,209,329
2.8,327,2024-11-12,Newspaper might piece any fact huge fight.,230,70
5.8,328,2025-01-22,Leave institution party approach might central stop later reveal both single.,373,383
1.7,329,2025-04-18,Career including late condition opportunity Republican dark lawyer economic reality trade someone responsibility but box.,242,400
7.2,330,2024-04-04,Be religious risk window partner civil nearly analysis color friend the television.,193,42
5.3,331,2023-08-24,Condition Republican information finally shoulder land phone brother capital.,236,274
6.0,332,2023-09-25,Performance education learn talk myself accept third.,376,42
1.3,333,2023-10-22,Open little improve bag outside each natural people newspaper stay.,252,21
5.2,334,2023-05-28,Challenge president already take project study fear turn any.,56,293
3.9,335,2024-03-09,Claim expect produce record occur no whom see growth.,20,220
8.1,336,2023-05-18,Shoulder follow today star serve successful assume likely.,233,168
4.7,337,2023-07-24,Forget including decide decade around number without more because right painting.,297,399
6.5,338,2024-12-23,Interview summer employee offer perhaps until pass market role marriage space.,193,318
2.9,339,2025-03-07,Discussion fact cover brother let someone scene debate past increase animal glass south defense political real.,116,145
5.0,340,2023-11-04,Film media food accept rate game right pattern.,15,68
7.7,341,2023-05-13,Create street two look listen along career choice leave.,319,272
8.5,342,2025-02-21,Time leg sport until argue minute north question new affect officer forward trouble somebody at.,340,77
4.4,343,2023-08-14,Subject fund heart move coach paper cost bring site final tax.,317,256
6.1,344,2024-10-23,Even beautiful theory he stop few modern.,115,85
3.0,345,2023-09-03,Hear also dark begin media sometimes toward child.,189,10
4.4,346,2024-01-10,Run model simply century the state visit quality car right least require mission about.,373,26
3.9,347,2025-04-14,Reach organization beautiful level animal minute probably.,309,143
3.2,348,2023-12-19,Officer fine throughout fly court everybody five.,207,87
1.7,349,2024-03-28,Evening church boy when nice bill my near even.,51,378
6.8,350,2024-10-19,Off commercial find throughout music anything ahead tough anyone himself beat.,218,125
4.6,351,2024-02-19,Relate through picture real knowledge green forward cup serve.,58,148
9.9,352,2025-01-08,Bad type share nothing behavior sort recognize best financial popular short like water century time.,273,32
7.9,353,2023-11-07,Hot record professor small think law air little goal leave color should.,379,396
1.0,354,2024-08-02,Camera bill stage someone for power society mouth husband including per nature wind himself future.,305,251
7.5,355,2025-01-12,Issue woman note garden reason community prove school Republican student boy other foot best knowledge final.,320,186
5.8,356,2024-03-01,Our rate others star force population article design.,277,247
9.0,357,2023-08-06,Tough player a chair chance most hope official crime race first now tree fight wall itself.,147,45
2.9,358,2025-03-31,Wrong old particularly member summer system artist too whose a nice without.,225,375
1.9,359,2023-07-15,Tend dog reduce hour fish him high nation production little could.,289,174
4.8,360,2024-02-13,Style child young prove care author administration return main join wrong be.,187,302
3.6,361,2024-08-31,Team throw receive us perhaps lawyer interest star his difficult interesting account marriage.,311,19
9.4,362,2024-11-08,Republican especially unit office almost also low happy oil which.,237,199
3.0,363,2023-06-22,Room money teacher seek evidence might model particular early.,198,46
4.3,364,2024-08-22,Range much often party tough movement action law.,303,366
5.7,365,2025-03-24,Off former good within far cold reason our fight size employee picture official of.,78,213
6.6,366,2024-09-11,Speak person expert bar measure surface everyone car exactly tax add.,263,56
9.6,367,2023-07-16,Company option character land space end red machine son television garden base certain value child many.,187,7
4.6,368,2024-03-06,Draw key point decision same generation politics sense break cold human feeling second.,168,320
3.1,369,2024-11-25,Do raise hope enjoy most itself eye something high firm morning what best most government.,65,106
9.4,370,2025-02-04,Particular present evening establish sort effort once leave push drop public side mind.,212,281
9.0,371,2024-09-28,Finish action across attack in moment rate goal rise.,320,397
9.1,372,2023-11-02,Alone people arm order thus describe outside business when beat.,152,120
2.2,373,2024-08-02,Heavy shake possible sort continue book contain far produce.,372,285
2.2,374,2023-06-18,Two everybody interview tough show food class available since him four art western enough.,368,208
1.6,375,2024-03-28,Man up particular condition man century shoulder despite.,339,339
3.8,376,2024-09-01,Tree resource billion authority number economy knowledge to.,247,96
2.4,377,2023-08-14,Usually professor entire record toward off middle.,344,177
4.0,378,2025-04-20,Long identify road speech audience difficult his ready sister building movement yard four field.,173,318
3.3,379,2023-06-02,Young positive half table future subject set face data never whose produce federal hope blood read.,54,181
6.3,380,2024-05-02,Those just country along agent you draw home.,176,269
5.9,381,2024-12-26,Poor matter who speech whom administration fund front return if deep president mission vote thank.,323,274
2.2,382,2024-06-10,Scientist do author save major affect trade peace drug.,377,195
4.2,383,2024-09-05,Add plan toward star best particularly structure ask stage.,380,74
5.1,384,2023-07-18,Organization past as dark front structure scene I building range national focus who degree.,225,372
7.7,385,2023-05-26,Community as event serious collection have close during old card social place heavy citizen they ball.,135,177
4.9,386,2023-04-26,Unit religious order exist really society live camera central.,172,313
3.3,387,2023-11-17,Late dream company reality other response partner because step feeling industry newspaper court worry with.,379,300
7.2,388,2024-08-13,Television would medical less phone decade apply both chance such treatment marriage.,361,308
9.5,389,2023-08-23,Approach hair decide edge pattern three law.,213,368
7.3,390,2023-07-11,Understand compare size machine break time return.,211,250
8.4,391,2024-07-24,For cup quality for single for better scene thank heart determine likely machine three certain until.,278,50
8.1,392,2024-04-08,Hold carry rest place wish dark camera realize arrive.,248,218
2.8,393,2023-08-05,Surface learn commercial gas though page smile point.,78,280
6.5,394,2024-08-07,Official need discover in miss television describe list leg.,344,244
3.2,395,2023-05-02,Save east force often through option chance off above woman always likely shoulder.,147,75
3.7,396,2023-05-17,Most look something start laugh drive next actually rule wear car fast positive.,228,239
5.0,397,2023-06-30,Look fight reflect teach section agency lawyer.,373,198
4.4,398,2024-12-10,Them if smile have less plant team audience throw.,321,318
3.8,399,2024-01-04,Allow international especially watch my some skin ball thing save area war push thousand book.,254,361
7.6,400,2024-01-29,People half compare next attack remember daughter wonder draw box long voice oil where.,172,393
