customer_name,email,phone,address,customer_id
Brandon Russell,grayanna@christian-moore.com,+1-532-061-9610,"01220 Pruitt Ports Suite 470, Matthewfort, PA 84224",1
Rhonda Stewart,ocohen@hotmail.com,+1-786-580-2174x255,"769 Smith Radial, Port Courtneytown, MI 30533",2
Jonathan Holloway,victoria38@hooper-hernandez.net,670.027.3045x466,"511 Merritt Underpass, Jonesfurt, MD 34912",3
Amanda Hoffman,andrew26@gmail.com,001-253-108-6842x465,"129 Reynolds Streets Apt. 705, Pittsmouth, NE 04204",4
Frederick Black,vincent85@barry.com,833-546-0813x830,"95158 Sarah Valleys, Port Rachel, VA 52714",5
Dawn Wall,randy38@gmail.com,+1-099-759-1057x565,"3260 Bennett Greens Apt. 865, West Davidview, PA 42736",6
James Willis,owenskathy@hotmail.com,374-799-5378x94502,"727 Thomas Plains Apt. 553, South Williamport, OR 02327",7
James Watts,justin65@williams-smith.com,048.283.4773,"79884 Abigail Cliff, Russellmouth, AR 75213",8
Matthew Holmes,ntaylor@compton.com,600-658-0036,"1453 Kaitlyn Turnpike, South Jeffrey, NY 87325",9
Jeanette Lopez,soneill@alvarez.com,(175)890-7854,"18195 Kimberly Ford Suite 262, Taylortown, WY 11813",10
Brett Robinson,donnabrown@gmail.com,712-057-3336,"04565 Lisa Centers, North Sandyport, DC 73552",11
Rachel Jacobs,jbray@yahoo.com,(260)945-5058x041,"571 Raymond Springs, East Jamiestad, WI 63529",12
Steve Bird,ujohnson@duran.com,001-352-129-1411x504,"488 Elizabeth Crest, Justinport, IA 01202",13
Brian Garcia,wroth@hotmail.com,(260)633-0621,"2641 David Port Suite 490, West Larry, WY 87245",14
Alexander Thomas,ronaldjimenez@yahoo.com,220-831-7936,"851 Christopher Canyon Suite 030, Port Dawn, VT 07154",15
Rebecca Andrade,dorothy66@hotmail.com,+1-110-322-9458x6446,"99289 Shawn Shoal, Lake Lauren, NJ 04361",16
Robert Marshall,james05@gmail.com,001-175-621-9139,"178 Nichole Underpass, Rogerschester, WV 85513",17
Gail Castillo,danielmary@black.com,(226)283-8278,"45873 Ronald Vista Suite 650, Hancockland, NV 61297",18
Andrew Bonilla,kimberly88@yahoo.com,001-953-022-7376x052,"USNV Stephens, FPO AP 09871",19
Robert Wilson,greenezachary@padilla-brown.com,(535)671-6158,"USS Gonzalez, FPO AE 91257",20
Christopher Miller,pmeyers@hickman-kim.info,001-060-148-6655x515,"76850 Linda Island, Edwardfort, IN 70544",21
Amanda Ruiz,markgraves@walker.com,757.774.6416x719,"998 Jesse Centers Apt. 687, Catherineport, NC 31623",22
Jennifer Doyle,xkelley@benson-pineda.com,(922)462-2749x393,"3970 Eric Isle, West Benjamin, AZ 46039",23
Christopher Murray,zavalaalexandria@sandoval.com,427.295.6097,"929 James Hills Suite 829, East Alyssa, NM 98130",24
Eric Thompson,oball@sullivan.org,(144)844-3293x30168,"27581 Stephens Court Suite 024, Davidmouth, ME 15751",25
Karen Bell,terrichoi@scott.com,+1-557-762-2325x3728,"6249 Huff Trafficway Suite 860, South Jeremiah, IN 20786",26
Hailey Shaffer,delgadomatthew@hotmail.com,3042427223,"468 Brown Port, Greenmouth, DC 10339",27
Randy Key,kerrgary@yahoo.com,787-900-3276x318,"33011 Medina Parks Suite 356, New Cindy, ID 05076",28
Kellie Lee,michelle42@hotmail.com,(523)215-3519x7005,"965 George Flat, Dawnbury, OR 82511",29
Kevin Campbell,rhonda75@hotmail.com,001-527-781-2260,"733 Johnson Run Apt. 292, Johnberg, OR 67840",30
Paul Morse,stephaniebarnett@brown.com,366-818-4629x62535,"65710 Smith Square, South Bryanville, MA 85358",31
David Lopez,ejohnson@robinson.com,001-779-931-6171x512,"233 Frank Ways, Katieport, IA 31301",32
David Lowery,williecollins@park.com,886-355-7938,"01176 Alexandra Squares, New Jessicaborough, VA 20510",33
Michael Hobbs,melissa17@grimes.net,467-512-7298,"PSC 9488, Box 5794, APO AE 26512",34
Rachel Gibson,ruizmichelle@foster-lyons.com,884-898-0817x22762,"Unit 7142 Box 3119, DPO AP 37404",35
Ethan Parks,wrighttiffany@hotmail.com,001-086-560-4347x837,"425 Justin Lodge, Lynnchester, NV 99100",36
Dylan Williamson,sgraham@evans-best.com,001-373-005-4269x137,"22888 Brian Course, South Stacey, WI 69531",37
Catherine Fisher,johnsonheather@hotmail.com,369-589-0822x342,"59787 Hood Unions Apt. 397, Nicoleborough, TN 95151",38
Edward Huber,hubbardkarina@hotmail.com,001-773-361-9896x513,"46429 Adam Points, Ryanland, MD 87903",39
Wesley Oneal,stephanie76@gmail.com,001-216-153-0062x913,"248 Abigail Walk Apt. 444, Johnsonland, AR 47352",40
Terri Meadows,patelrachel@watts.com,586-492-8339x763,"9705 Stone Bypass Apt. 725, Nathanside, PA 96635",41
Mark Mccoy,jonathan85@gross.net,001-893-579-5657x709,"PSC 8284, Box 7144, APO AE 16780",42
Johnny Thomas,mccoyelizabeth@gmail.com,(161)607-2830x382,"213 Johnson Stream, South Lisa, HI 42683",43
Jeffrey Young,cheryl18@smith.org,527-867-0031,"3381 Burke Locks, Chanmouth, ME 12581",44
John Nixon,mbell@murphy-anderson.com,+1-061-784-8557x9185,"PSC 2666, Box 7844, APO AA 67256",45
Mr. John Keller,leslie31@zimmerman.org,001-607-275-0070x416,"42129 Michael Isle Apt. 996, Parkerborough, CO 38794",46
Brenda Osborne,davisjeffrey@yahoo.com,3269156140,"58455 Fisher Mountain, Apriltown, NE 39355",47
Michael King,matthew22@williamson.com,(784)888-5458x30502,"20123 Jennifer Estates Apt. 388, North Carriehaven, DC 22976",48
Jennifer Vargas,clopez@alvarez.com,001-196-655-9000x849,"0798 Parks Street Apt. 553, Greenstad, DC 04555",49
Alex Thompson,woodsdebra@hotmail.com,266.959.7855x59485,"639 Brooke Burgs Apt. 519, Fletcherland, MD 75744",50
Luis Delacruz,adam41@hotmail.com,001-526-009-6189x422,"Unit 7150 Box 0795, DPO AA 82932",51
Jeremy Lewis,markfowler@yahoo.com,+1-663-421-5844x943,"1420 Miller Court, South Nicholas, ID 74960",52
Jamie Kelley,ltucker@hotmail.com,001-736-567-1674x327,"0789 Freeman Port Apt. 561, Benjamintown, UT 14989",53
Dale Anthony,mckinneyrita@gross.com,511.572.1130x520,"51471 Jason Rapids, Katherinefurt, RI 57624",54
Christina Miller MD,justintaylor@henderson.biz,(645)695-9372,"5506 Lambert Ramp Suite 468, East Daryl, AZ 18667",55
Carol Peterson,fpeterson@perez-ayala.com,914.919.3893x0923,"70988 Ball Islands Apt. 480, Michaelmouth, AL 54566",56
Donald Robinson,melinda22@wilson-simmons.net,+1-523-937-9090,"USNS Randall, FPO AA 59943",57
Christian Jones,annsantiago@hotmail.com,001-563-623-4105x810,"126 Martha Locks, Chelseaside, AR 42678",58
Diane Smith,maria63@anderson-monroe.com,923.989.6809,"1703 Le Plaza, North Katelyn, KY 24377",59
Dawn Nguyen,kristinegreen@gmail.com,001-713-710-4856x328,"2082 Jeremy Prairie, Jimmyland, VT 67515",60
Amber Robinson,obrienvictoria@gmail.com,237-673-8107x596,"8806 Olivia Gardens, North Wesley, MT 78123",61
Hannah Wilson,sgarcia@yahoo.com,(291)947-3680,"286 Montes Ways, South Andrewton, DE 53435",62
Tony Baker,edwardgarza@anderson-baldwin.org,+1-632-353-6849x9202,"11072 Riley Ridges, Leeside, VA 93637",63
Allen Watson,vtaylor@hotmail.com,(608)538-2765,"901 Nicholas Valley Suite 265, Lake Jasonport, MD 86012",64
Abigail Johnson,fletcheralice@miller-riley.net,255-043-7394,"7312 Garcia Port Apt. 451, Ramirezville, WV 36333",65
Jennifer Lopez,rharrington@gmail.com,4667695756,"300 Susan Island, North Sally, NJ 47529",66
Jackson Ross,munozrebecca@hotmail.com,(297)800-2486,"38895 Wilson Ville, Weeksview, SC 68090",67
Amber Sims,rwilliams@johnson-jones.com,651-274-7047,"82103 Miller Locks, East Shirley, DE 58492",68
Jeffrey Gonzalez,monicamartin@garcia.net,001-314-012-4334x848,"PSC 4028, Box 8539, APO AE 37320",69
John Collins,carpenterjohn@lyons-smith.com,+1-461-262-9000x7144,"USS Weiss, FPO AA 86198",70
Rachel Smith,masseyjustin@hicks.com,542-652-0106x39908,"62860 Wilson Summit Apt. 016, East Johnfurt, KS 44311",71
Michelle Rush,ahaynes@bennett-hopkins.org,+1-702-620-4719x449,"31315 Lee Oval, Maryland, IA 54866",72
Yolanda Rodriguez,johnjohnson@gmail.com,+1-369-699-7139x9684,"247 Hernandez Prairie Apt. 747, Justinmouth, AZ 30994",73
Christina Riggs,robert42@smith.com,001-205-647-4712x422,"2206 Stewart Forest Apt. 935, Dustinland, CT 18335",74
Janet Stanley PhD,rachelmarquez@gmail.com,001-640-970-8734,"PSC 4983, Box 7412, APO AA 27378",75
Joan Moore,qhill@yahoo.com,(846)174-1451,"6399 Ayala Path, East Alexandraburgh, CA 16002",76
Jamie Howell,cjackson@thompson-clayton.com,001-167-161-6497x447,"80881 Smith Valley Apt. 349, Christinamouth, OK 86409",77
Tracey Haynes,csmith@hotmail.com,397-180-7750x3913,"Unit 0055 Box 5784, DPO AE 95121",78
Darlene Clark,beandustin@yahoo.com,001-619-695-4324x682,"877 Teresa Square Suite 007, Jonesbury, LA 15685",79
Jason Williams,lesliebeck@williams.com,786-183-5998x00273,"150 Harris Drive, Andrewfort, AR 27915",80
Jillian Mccoy,psmith@briggs-ferguson.com,+1-113-158-4938x3334,"PSC 3838, Box 7691, APO AE 79009",81
Theresa Smith,howenicholas@yahoo.com,+1-117-798-2265x5045,"7179 Christopher Harbors, Tyronefort, IL 24581",82
Shannon Jackson,kennethwalton@hanson.biz,143-447-8209x7248,"622 Mcgee Extension Suite 850, Francisshire, CO 71085",83
Edward Lopez,andersonkathy@valenzuela.com,215.987.8975x1005,"799 Johnson Spurs Suite 375, Romeroshire, AK 56645",84
Teresa Vasquez,jennifer76@gmail.com,+1-549-972-8218,"Unit 4459 Box 5617, DPO AP 45765",85
Christopher Gonzales,rjones@lopez.info,(660)882-1229x6777,"8104 John Forge Suite 764, Desireetown, UT 99352",86
Thomas Miller,qromero@yahoo.com,(039)506-9958x69434,"41320 Hill Square, West Joel, MS 57814",87
Angela French,brenda10@hotmail.com,(946)102-1139x99749,"22025 Daniel Courts Apt. 528, West Andrew, MS 82880",88
Kyle Gutierrez,danielwalker@thomas.info,133.206.8636x636,"323 Michael Branch Apt. 510, Wardburgh, NH 91534",89
Justin Estes,palvarez@smith.com,001-329-045-4180,"985 Townsend Throughway Suite 658, Port Hollyborough, NY 75309",90
William Wilson,noah60@reid-green.org,363-256-8778,"7566 Fox Lakes Suite 837, North Donald, IN 71564",91
Tina King,shahcody@hotmail.com,001-846-460-4973x243,"7552 Christopher Forest Apt. 913, Lake Danielfort, CA 92411",92
Daisy Wood,randyhogan@gmail.com,1087549154,"724 Simon Road Apt. 084, Sueton, VA 89428",93
Danielle Spencer,orobinson@greene.com,129.960.6876x499,"089 Taylor Station Apt. 386, Port John, IN 08182",94
John Garza,dcampbell@yahoo.com,3854999623,"89075 Gregory Ville, North Juliebury, NH 42666",95
Robert Herman,sherrimorris@gmail.com,272-806-6542,"52563 Miller Inlet, South Heidihaven, TX 21926",96
Jonathan Myers,pereztara@smith-dawson.org,001-555-872-3643x725,"98248 Gibbs Vista Suite 526, Port Erikstad, WV 66138",97
Tina Frost,cody53@mullen.com,378-737-4740,"PSC 2121, Box 5755, APO AP 00739",98
David Barnes,brittanymcfarland@barrett.com,(064)539-3578,"58523 Byrd Field Suite 823, South Alexanderfort, KY 73323",99
Barbara Myers,charlescole@garcia.com,549-071-2210x95675,"5420 Kimberly Plains Suite 446, Port Robert, MN 92875",100
Cynthia Porter,lauramoore@johnson.com,+1-014-063-6321,"41703 Tina Cliff, Port Deborahfurt, WV 86023",101
Joe Matthews,jessicawatson@cohen.com,001-272-515-0470x642,"529 Shah Drives, Kevinburgh, OH 82218",102
Pamela Clarke DDS,timothy27@yahoo.com,(201)448-9284x8703,"07556 Beth Stravenue Apt. 615, Lake Deannaberg, IA 82436",103
Anthony Burns,jennaroberts@yahoo.com,572-674-7737x79164,"06459 Huff Fork, Medinaburgh, TN 64905",104
Michelle Harris,djackson@yahoo.com,767.623.4435,"99558 Shelton Gardens, Collinsside, KS 81083",105
Madison Mendoza,reesedebra@moran.com,+1-029-031-2946,"189 Lee Trail Suite 763, Travishaven, WV 54691",106
Debbie Duke,danielle07@weiss.com,(021)950-1074,"01529 Carl Inlet Apt. 894, Washingtonstad, CT 50652",107
Nicole Knapp,hectorcasey@lowe-king.com,(875)448-6380x3327,"474 Kristina Garden, Bridgetville, ID 87992",108
Rachel Barker,fernandezsamantha@yahoo.com,+1-929-802-0081x7765,"0753 Ashley Forest Suite 542, East Emilyside, NV 02030",109
Noah Griffin,xdavis@mann.info,815-606-7875x269,"3849 Dennis Harbors, Smithhaven, MA 98387",110
Stephanie Davis,john61@bailey.biz,574.597.2121,"PSC 2309, Box 6043, APO AP 16875",111
Ashley Jones,william64@anderson-stewart.com,+1-150-458-1237x976,"05892 April Drives, West Christopher, NM 79276",112
Peggy Schmidt,evanspatrick@gmail.com,(870)033-6229x604,"04907 Mendoza Islands, Port Matthewburgh, RI 78514",113
Joshua Roberts,smoore@whitehead.com,974-723-3587,"733 Duran Lock, North Michael, OR 21061",114
Lisa Berry,anna95@ellis-martin.org,041-670-6269x126,"83469 James Corners Suite 521, East Jamie, ME 88029",115
Isaiah Myers,bmcdaniel@gmail.com,(967)148-5177,"562 Lucas Ramp Suite 326, Wilsonborough, MD 60116",116
Karen Hester,clarkjacob@yahoo.com,269.399.3222x915,"721 Perez Course Suite 919, Brownfurt, ND 55388",117
Willie York,hailey77@hotmail.com,(102)400-5937x88967,"46481 Brittany Pass Suite 447, Timothyport, AR 66873",118
Virginia King,torreschristian@hotmail.com,001-093-334-2390x576,"Unit 4884 Box 1722, DPO AP 68005",119
Crystal Morgan,smithlori@carter.net,+1-315-431-4505x422,"50800 Wilson Knolls Apt. 572, Port Deannaton, SC 71523",120
John Clark,denisewood@gmail.com,269-120-0332,"10484 Kendra Dale Apt. 000, South Matthewside, ME 04221",121
Alicia Taylor,mbradley@johnson-ford.net,265.844.9285,"46447 Eileen Spurs, New Ricardo, NJ 66096",122
Laurie Martin,andrew59@yahoo.com,458.270.1919x372,"51282 Scott Island, East Davidstad, SD 74327",123
John Parsons,qfreeman@gould.com,152.045.7285x8799,"43112 Hodge Park Apt. 941, Christopherfort, KS 27791",124
Robert Buck,cassidy27@yahoo.com,701-081-4197x74030,"73634 Schneider Brooks Apt. 511, Gonzalesburgh, DC 74175",125
Kevin Davis,jacksondwayne@hotmail.com,(569)898-6959,"09870 Daniels Camp, Bonillastad, KS 90002",126
Theodore Weber,scott32@johnson.com,(091)797-0134,"22266 Morgan Walks, Bryantville, TX 82476",127
Peter Zamora,mgates@mills.com,001-499-355-5521x660,"USNS Burns, FPO AE 03147",128
Stephanie Molina,jonesmatthew@yahoo.com,+1-532-423-4612x518,"0995 Burgess Lakes, South Corytown, UT 74913",129
Samuel Jones,amber39@hotmail.com,143.456.6978,"79195 Schneider Freeway Apt. 545, Vargasfort, MD 00817",130
Jesus Warren,moorejennifer@hotmail.com,639.831.6841,"04566 Arnold Mountains, Patrickfurt, AR 08383",131
Helen Johnson,joseph37@brooks.com,+1-573-885-4739x4589,"73397 Fred Vista Suite 630, North Stephaniefort, FL 19742",132
Sarah Chapman,holly17@yahoo.com,001-661-790-6521x370,"8707 Lane Burgs, Orrhaven, MT 10874",133
Lisa Jennings,elizabeth03@brown.net,798.027.4747,"4990 Kelly Ridges Apt. 883, East Robert, DE 30143",134
Mr. Joseph Baker,hawkinsanthony@aguirre.net,+1-852-258-9929x4473,"2759 Tracy Canyon, Wilsonton, AR 20877",135
Andrew Ryan,ehall@french.info,001-361-256-5289x545,"1035 David Cape Apt. 295, Lake David, WY 17621",136
Robert Melendez,emilyjackson@klein.com,001-664-331-1752x538,"10183 Koch Ford Suite 209, East Victoria, DE 10651",137
Maria Smith,gilbertdiane@yahoo.com,905.543.8688,"PSC 3422, Box 1472, APO AA 61294",138
Christine Lara,kayla02@gmail.com,(083)384-2745,"04673 Choi Prairie Suite 924, Lake Lisamouth, DE 13105",139
Sabrina Garcia,grantlopez@hall-olsen.info,718.207.5804,"59987 Moore Route, West Jason, KY 52250",140
Joseph Neal,williscarlos@hotmail.com,888.489.2178x49971,"3821 Joan Way, Turnertown, TX 00971",141
Laura Hamilton,xle@hotmail.com,543-461-7092,"5906 Sanders Inlet, Erictown, PA 36955",142
Shelley Wolf,tfrancis@yahoo.com,(781)774-8953x534,"925 William Mountains Suite 045, Ritahaven, DE 64798",143
Kendra Burke,ashleyriley@gmail.com,436.893.9135,"9163 Beard Trace Suite 340, New Katrina, MA 01989",144
Breanna James,jamesharris@cook.info,709.436.1948x374,"84014 Thomas Tunnel Apt. 858, Lloydberg, MD 01134",145
Michelle Davidson,chenjerome@rosales-mann.org,+1-719-504-2143x636,"22307 Mejia Turnpike Suite 760, South Lisa, KS 38992",146
Linda Ramirez,fnicholson@yahoo.com,+1-172-097-5772x156,"5228 Neal Plains Apt. 102, West Michael, CA 27545",147
Leslie Lewis,theresabrown@smith.net,649.910.9675,"535 Jeffrey Trafficway Suite 025, Jamesport, MD 89699",148
Vincent Griffin,daniel70@lee-davis.com,868.778.1183,"0669 Peters Fall Suite 178, Brownbury, LA 11621",149
Randy Singh,hkey@hotmail.com,6509896929,"99123 Hammond Valley Apt. 358, Rickyshire, ND 84300",150
Tracy Miller,ebony09@moore.org,001-156-995-7470x414,"31284 Taylor Park, Lake Lindsayfurt, NE 63703",151
Brandi Williams,rodgersjocelyn@newman.biz,(419)991-4493,"2451 Cody Common Suite 925, Richardmouth, MO 07382",152
Gregory Burch,hutchinsonpenny@nicholson.biz,001-124-479-1795,"4100 Patricia Point Apt. 139, Thomasport, SC 25413",153
Christie Fry,lrobbins@carrillo-cox.biz,001-278-664-2962x575,"0229 Glass Lights, Port Ashley, OK 03060",154
Jessica Morales,xreyes@johnson.com,001-112-981-5758x029,"5614 Vanessa Squares, Lake Kellymouth, CT 61240",155
Elizabeth Monroe,erin75@yahoo.com,5530415571,"27094 John Fords, Michaelton, RI 43262",156
Jennifer Williams,brianhoffman@caldwell-martinez.com,771-087-1509x4730,"2446 Aaron Loop, Port Robinview, PA 28705",157
Hannah Cox,bschmidt@anderson.com,001-637-519-9439x111,"844 Branch Mill Apt. 400, New Julie, SD 84623",158
Michael Burnett,wilsonlisa@carr.com,+1-961-676-8745x627,"PSC 4949, Box 2368, APO AP 04048",159
John Vazquez,anna85@wiggins.com,005.447.2372,"03132 Ashley Ford, North Michaelfort, MI 09038",160
Melissa Weaver,gabrielle97@hotmail.com,001-156-948-9064,"21304 Bush Center Suite 074, North Lawrence, MD 32082",161
Anthony Marsh,wbaker@spencer.biz,266-795-1422x0989,"0584 Freeman Prairie, East Alanshire, ND 91918",162
Brenda Stephenson,ernestperez@hotmail.com,+1-670-509-5637x5076,"PSC 4748, Box 5701, APO AP 82800",163
Debra King,hannahhumphrey@lynch-smith.com,1098602693,"Unit 0169 Box 7778, DPO AE 75297",164
Dwayne Church,tbaker@yahoo.com,(154)143-9399x244,"Unit 9703 Box 9345, DPO AE 70670",165
Natasha Allison,jacksonwilliam@gmail.com,693.961.2158x75875,"93681 David Islands Apt. 824, Lake Davidton, WI 68107",166
Joseph Briggs,robinsontodd@yahoo.com,3134501203,"673 Maria Lakes, Brendaside, MA 11001",167
Destiny Calderon,mlarson@hotmail.com,+1-464-953-2040x902,"42134 Edward Valleys Apt. 153, Rodriguezside, NC 31722",168
James Bailey,qdavies@yu-mills.org,001-653-409-9886x119,"54162 Burton Burg, Port James, NH 66706",169
Jocelyn Molina,michael19@hotmail.com,494-281-3025,"7064 Haley Fields Apt. 884, Bauerfort, WI 62543",170
Dr. Samantha Brady,madeline51@jordan.biz,691-700-9651x5341,"7669 Morgan Spurs, Wellsside, OR 20088",171
Jerry Jordan,snydermary@hotmail.com,853.874.4287,"2953 Melissa Trafficway, West Adam, NC 11054",172
Dr. Tracie Jackson MD,yjackson@yahoo.com,850.933.1117x412,"5847 Schneider Highway Suite 087, New Debra, AK 73813",173
Mark Reynolds,kjones@edwards.com,+1-860-857-7360x8440,"718 Ashley Fields, West Eric, DE 61745",174
Eric Hopkins,russellmiles@yahoo.com,+1-896-193-8549x817,"85810 Brian Square, New Laurie, NC 15641",175
Natalie Bradley,joshuascott@hotmail.com,197.059.7915,"015 Joseph Springs, New Kellychester, CT 19660",176
Rebecca Sutton,mckinneyjeffrey@michael.org,300-782-6456,"6115 Erika Knolls Suite 737, Obrienmouth, CO 10541",177
Christine Lawrence MD,michael35@hotmail.com,0078101948,"1622 Thompson Curve, Mcgrathchester, WA 49934",178
Faith Richardson,melissamelendez@yahoo.com,001-388-758-8329,"013 Butler Orchard, Dennisshire, VT 97554",179
Ana Harris,sjohnson@stanley.com,511.793.1639,"93073 Alexis Turnpike Suite 954, Johnsonchester, NC 52498",180
Francisco Smith,oolson@morris.com,325-135-4757,"0491 Garcia Oval, West Joseph, WV 85880",181
Sandy Burgess,gjones@gmail.com,796-024-4463x5841,"0947 Walker Inlet, Camposmouth, NM 39949",182
Haley Villarreal,tategina@mitchell.com,064.774.7767,"493 Smith Hill, Ashleyton, RI 29431",183
Michelle Schultz,gregory17@harris-scott.com,(728)119-8631x83303,"35896 Ward Mountains Suite 998, Lake Melissa, OK 82632",184
Jeffrey Patton,michael69@gmail.com,001-003-091-6832x770,"15008 Nicholson Haven, Mcdowellland, FL 36064",185
Tonya Floyd,uwilliams@fields-tran.com,001-789-433-9437x990,"7517 Joseph Park, West Anna, WV 77034",186
Kelly Goodman,robertortiz@hotmail.com,(126)641-4260x940,"7753 Smith Turnpike, Kennethville, KY 26392",187
Ann Day,pward@yahoo.com,241-588-3188x455,"168 Smith Ridges Suite 948, Millsfurt, MT 10546",188
Leslie Clark,cody60@coleman-mitchell.info,001-593-473-2493,"USS Logan, FPO AE 97007",189
Angela Williams,qmcguire@hotmail.com,001-350-279-4644x914,"5160 Gonzales Way, West Sabrinaport, MI 34612",190
Donna Matthews,ysmith@yates.com,642.856.3135,"3882 Williams Plains Suite 042, West Jacquelineland, ID 22819",191
Anna Wells,hughesjoshua@gmail.com,+1-784-777-7487x691,"9888 Garza Centers, North Andrewtown, OH 53268",192
Jennifer Jordan,christophercarson@clark-washington.com,123-827-6937,"0755 Dawn Junctions, Jessicaville, VA 38848",193
Alexander Patterson,pamelamccarthy@hotmail.com,167-096-5343,"338 Fernando Turnpike Suite 229, Fergusonhaven, NJ 88822",194
Jerome Williams,sheenadavis@walters-alexander.com,801.730.9619,"887 Cain Circles Apt. 567, Rodriguezport, MI 02553",195
Theresa Wall,stephaniehicks@hotmail.com,(662)077-2913x75451,"6416 Catherine Motorway Suite 771, Lake Heather, NY 17880",196
Stacey Ibarra,taylorbenjamin@robinson-neal.info,449.858.9919,"40877 Smith Loop, South Angela, VA 09642",197
Ann Johnson,kelli23@mills.com,815-842-3038x20550,"912 Cooley Shoals Apt. 484, Lake Thomasstad, NJ 87601",198
Tony Skinner,dawnestrada@harper-parker.info,414.108.2259x958,"3657 Darius Spurs Apt. 804, Mitchellstad, CT 02597",199
Eric Harrington,jeffreycain@carpenter-martin.com,(298)043-5920,"806 William Mill Apt. 292, Riosside, MI 70468",200
Joshua King,mendozawilliam@johnson.com,(941)842-0214x0794,"USNV Fleming, FPO AE 15270",201
Rebecca Perez,cindy04@roy.com,(495)326-3506x41649,"912 Paul Loop, Allenstad, AZ 39490",202
Omar George,rking@yahoo.com,+1-086-006-0730,"02648 James Mills, Corytown, NE 39807",203
Nicholas Ewing,jjohnson@hampton.biz,050.402.3398,"752 Brandon Villages, Harveymouth, MI 55012",204
Gabriela Norris,rbell@gmail.com,001-281-211-7816x619,"7515 Joshua Lake, Lake Jamesland, OH 51589",205
Adam Mejia,nicholas41@hotmail.com,585.662.4049x3814,"350 Richardson Parkway, Scottchester, RI 06888",206
Diane Lewis,zvasquez@chavez.com,203-875-0568x7531,"1797 Henry Mountain Suite 888, New Jasmineburgh, CT 82219",207
Jessica Hess,robertswanson@yahoo.com,+1-168-863-1669,"0346 Cassandra River Suite 384, Lorichester, DE 72596",208
James Kim,jeremydavis@jackson.info,+1-611-215-7937x0780,"41209 Roger Fords, Grayville, FL 42300",209
Carrie Mendoza,downsbrandon@yahoo.com,(096)510-7974x2978,"8873 Cynthia Plain, Port Jamieton, PA 79111",210
Alicia Fuller,sabrina80@gmail.com,001-408-502-4261x546,"Unit 9961 Box 5329, DPO AE 86014",211
Donald Gomez,rrodriguez@hotmail.com,979-848-5640,"PSC 5737, Box 6681, APO AE 49875",212
Abigail Morrow,david76@hotmail.com,526-663-0105,"47551 Welch Cape, Port Alisonton, ID 83221",213
Dr. Lauren Mcclain MD,gmorris@brown.org,001-955-447-2287,"1220 Henderson Crossing Suite 416, Port Toni, NJ 04652",214
Vincent Wilson,uchurch@yahoo.com,001-229-054-1799,"289 Amber Avenue Apt. 840, Lake Brian, IL 41408",215
Juan James,stevenjones@yahoo.com,034.127.2173x8163,"867 Jessica Drives Suite 516, New Stephanie, HI 22948",216
Robert Thompson,myoder@carter.biz,+1-419-679-2672,"9086 Webb Loaf, Smithbury, OK 01523",217
Eric Jones,kimberly51@king.com,127-529-7097x101,"0295 Solis Throughway Apt. 789, Lake Matthewhaven, TX 56467",218
Heather Morgan,johnmorris@smith.net,802.706.8511,"287 Patrick Harbor, West Tyler, MS 75371",219
Dana West,millerderek@hotmail.com,175-367-4972x1736,"48908 Hunter Fork Suite 575, South Russellbury, OR 02652",220
Timothy Gibbs,daniel58@yahoo.com,(971)618-9373,"70571 Barbara Locks, South Aaronfurt, AZ 06348",221
Lisa Livingston,cathywalker@matthews-porter.com,001-424-500-9637,"80328 Jones Knoll Apt. 952, North Christopherside, NM 48750",222
John Black,tnielsen@johnson.biz,374-657-2527,"257 Ruiz Mission, Clarkfort, VA 24938",223
Gregory Todd,novakkathy@gmail.com,001-877-530-6611x931,"82982 Reyes Station Suite 184, Nicholasburgh, CT 08544",224
Joseph Lawrence,derek07@diaz-harvey.org,577-252-2599x42628,"0764 Rollins Union Apt. 346, West Joshua, MT 77538",225
Bradley Stafford,bobbywhitney@gmail.com,183.965.1186,"8240 David Point, Bowersburgh, DC 05829",226
Molly Bryant,nicholas46@bauer-hardin.com,001-503-399-9170,"0529 Lindsey Spring, South Chad, MS 75267",227
Brenda Ortega,thomasjohnson@gonzales.com,612-629-7815x21751,"24375 Rachel Parkways, Davidhaven, VA 61429",228
Scott Villa,yvonnefuller@hotmail.com,4312811943,"2102 Clements Spur Apt. 104, West Teresaton, MI 98907",229
Jamie Paul,cindymontes@rivera-brown.com,(213)027-0732x562,"055 Allen Station, North Dwaynemouth, IA 93292",230
Lauren Green,kleinlarry@payne.com,1280660884,"18106 Garza Oval, Port Kellyton, IA 70879",231
Andrea Johns,tamara21@gmail.com,279.528.4700x1649,"8269 Young Neck, Fisherton, RI 76534",232
Michael French,kerribaker@mccarthy.org,769.564.0151x18423,"89000 Johnson Mill Suite 936, Ryanshire, UT 28213",233
Barbara Gardner,patrickhaynes@myers.com,178.713.5420x758,"33088 Johnston Squares Apt. 747, North Davidtown, NE 66749",234
Nathaniel Benson,velasqueztimothy@wall.com,(819)126-9460,"PSC 5719, Box 5062, APO AA 78876",235
Curtis Fox,stewarttiffany@yahoo.com,001-284-720-2458x543,"5568 Casey Greens, Davidmouth, SD 49925",236
Leroy Johnson,quinndaniel@martinez.org,(686)659-6789x2353,"4617 Hill Falls, Smithton, GA 97737",237
Joanne Fletcher,ntaylor@hotmail.com,001-776-402-6601x261,"9239 Sabrina Springs Apt. 973, Port Johnnyberg, NE 40150",238
Kelly Williams,sdavis@barker.com,+1-444-933-9120x3470,"617 Mata Turnpike Apt. 750, East Jacob, MN 41702",239
Mark Frank Jr.,vwalker@gmail.com,+1-379-606-4435,"846 Joshua Tunnel Apt. 525, West Lori, WV 07485",240
Adam Roman,esweeney@hotmail.com,765-732-4333,"PSC 5259, Box 8102, APO AE 51800",241
Robert Ellison,jgarza@baldwin.org,438.468.2458x561,"0391 Cole Vista Suite 074, East James, MN 54606",242
Candice Jones,scottmoran@baldwin-ballard.net,407-397-1300,"2693 Daniel Springs, Matthewport, GA 17160",243
Alexis Velasquez,gedwards@herman-conner.biz,9746630312,"USNV Holt, FPO AP 13985",244
Sandra Thompson,zmorgan@yahoo.com,624.657.1968,"4762 Martinez Fork Apt. 402, Port Amanda, KS 63854",245
Anthony Matthews,elizabeth69@knight.info,+1-637-762-8107x4743,"022 Christine Lakes Suite 511, South Michaelview, CO 85734",246
Heather Hansen,wallaceconnor@gmail.com,001-236-443-5693x956,"9588 Abigail Forks, East Savannahmouth, FL 60624",247
Thomas Powell,maxwell50@hotmail.com,729-215-9750x377,"USNV Williams, FPO AE 58232",248
Mrs. Julie Richards MD,andrewnelson@avery.com,710.105.9444,"1965 Samantha Trail Suite 559, West Matthewburgh, MS 70063",249
Justin Thompson,eddielopez@nunez.info,320-504-7715,"54329 Michael Vista, Millerfort, AZ 78892",250
Jose Guerrero,richardhanson@campos.com,(556)621-2050,"32339 Aaron Heights, Rodriguezfurt, MN 23299",251
Patrick Olson,christinadominguez@hoffman.com,(457)024-0785x382,"59098 Colleen Center Suite 718, Lake Nicoleside, MO 69168",252
Sonya Mcfarland,klogan@hotmail.com,842.602.7769x83095,"819 Stephanie Passage, Christopherfurt, VA 70753",253
Kevin Joyce,alexanderclay@gmail.com,351.479.5335x71648,"273 Terrance Route Apt. 350, East Josephfurt, ME 83251",254
Dennis Marshall,tlambert@gallagher.org,+1-855-503-4760x5786,"662 Hall Alley Suite 713, Stonefurt, KS 65099",255
Jennifer Dunn,jessica05@gmail.com,(137)529-9825,"85841 Jacob Club Suite 258, East Lawrence, AK 62506",256
Andrew Bridges,paulwilliams@hotmail.com,510.749.0523x875,"59936 Brian Trail, Fisherchester, AL 83375",257
Kenneth Bennett,thomaslisa@bowers-lopez.com,208-750-4508x452,"803 Brooks Lake, New Toddbury, PA 32912",258
Laura Murphy,ashleybryan@merritt.biz,395.792.9802x78824,"3387 Landry Key, South Erinshire, OK 37163",259
Kim Daniel,deannasmith@hotmail.com,001-361-317-3516x295,"0082 Barr Greens Suite 340, Abigailstad, RI 47671",260
Rebecca Miller,wisejeremy@hotmail.com,001-054-402-2531x297,"66675 Mark Trafficway, Ramseytown, MT 14725",261
Michael Keith,cking@hotmail.com,501.855.9351,"1605 Cole Viaduct Suite 475, South Stephenmouth, MA 93167",262
Robert Russell,sweeneyandrew@yahoo.com,+1-282-797-4227x7472,"USS Osborne, FPO AA 78090",263
William Nichols,duane02@yahoo.com,675.941.6440,"USNS Schaefer, FPO AE 21434",264
Jeremy Mata,aprilsolomon@watson-frazier.info,(508)229-2227x0875,"7692 Courtney Light, Kristinhaven, TX 43706",265
Cody Montgomery,hillbarbara@hotmail.com,543-184-0241,"055 James Ville Apt. 075, Robertchester, ME 22816",266
Taylor James,vthompson@carroll.com,6579691243,"7585 Jennifer Trail, Martinshire, MA 08446",267
Daniel Brown,probinson@gmail.com,+1-107-707-5811,"19457 Samuel Estate Apt. 389, New Jefferystad, NM 99542",268
Breanna Garcia,james86@gmail.com,+1-322-740-5852x321,"75642 Cordova Valley Suite 772, West Maryburgh, NY 40899",269
Megan Thompson,christopher21@gmail.com,(387)180-7896x916,"2970 Miles Bridge, Sheilaview, IA 92434",270
John Casey,sacosta@carter.info,123-049-9335x4162,"684 Ortiz Avenue, West Mark, PA 34843",271
Daniel Liu,franklaura@roy.biz,+1-783-052-7259,"22485 Michael Stream, West Kathleen, CT 08056",272
Becky Mcconnell,tammysmith@yahoo.com,+1-192-471-7539x6382,"7777 Jorge Fork Suite 554, Lake Ashleeton, SD 64567",273
Stephanie Woodward,jcollins@flores.com,+1-712-065-8622x5385,"88603 Michael Mission Apt. 007, West Bridgetfort, KY 19407",274
Gabriella White,astephenson@sanders.com,418.467.5440x66927,"26461 Billy Cliffs, Philipshire, IN 03728",275
Daniel Durham,garciakevin@hotmail.com,(107)638-7335,"895 Smith Circle, Pereztown, ID 99466",276
William Pierce,jmiller@gmail.com,001-583-135-6707x454,"50117 Kaufman Extension, Benjaminberg, AR 24042",277
Dakota Smith,hturner@gmail.com,(181)035-0845x889,"95581 Wolfe Knolls Suite 232, Bensonville, NM 41958",278
Taylor Freeman,kevin56@rollins.com,001-353-992-9184,"94909 Henry Valley, New Desiree, TX 57933",279
Raymond Chandler,alvarezphillip@murray-lewis.info,+1-522-940-2584x014,"4038 Kelly Loaf Apt. 598, Rachelfort, FL 67884",280
Amy Gordon,brandy36@hotmail.com,001-720-119-7767x963,"USNV Hernandez, FPO AP 99853",281
Amanda Bradley,brettgardner@gmail.com,035-337-7140,"970 Jordan Passage Suite 793, Dickersonview, OK 74321",282
Misty Boyer,maciastravis@james-pacheco.info,(628)365-1932x2764,"USCGC Baxter, FPO AE 04847",283
Raymond Martin DDS,hannah06@gmail.com,8666995193,"7482 Evans Flat, Lake Stephenton, MO 17688",284
Kyle Crawford,youngdaniel@gmail.com,(208)376-6929,"680 Jack Extensions Apt. 136, Lake Anthonyville, WY 10911",285
Steve Kirk,karen26@camacho.com,(682)784-7467x496,"3488 Johnson Cliff Apt. 446, Alexisburgh, AZ 58295",286
Wendy Bell,nathaniel37@hotmail.com,830-720-4839,"2403 Maria Path Suite 324, Jeffreybury, MD 92406",287
Jessica Washington,qconner@gmail.com,463-308-6895,"2312 Joseph Prairie Apt. 311, New Brittanyfort, MN 14910",288
Tammy Kelly,nguyennathan@golden-jenkins.com,578.240.5710x452,"4174 Larry Cliff, West Louis, RI 39643",289
Tammy Daniels,george13@hotmail.com,(439)068-2883x4535,"6841 Richardson Track, Kellybury, NH 50358",290
Lisa Richards,joelmarquez@hotmail.com,+1-203-410-5843,"9971 Padilla Forks Apt. 398, North Lindaside, WA 30131",291
Joseph Conner,julia01@morrow-holder.info,460-716-7858,"24523 Jackson Path Suite 854, Kellyville, NV 74165",292
Alexandria Smith DDS,fbennett@gmail.com,342-519-8510x36342,"7905 Singleton Estate Apt. 464, Stephenberg, SD 88136",293
Krista Manning,dillonjessica@hotmail.com,+1-503-874-5633x063,"16819 Valerie Burgs Suite 259, South Shannonland, CA 42953",294
Nathan Baker,johnsonjames@gmail.com,001-416-752-4414x838,"2107 Frazier Estate, Douglasmouth, MA 14212",295
Michael Casey,hernandezjohn@hernandez-romero.com,(782)008-4344x508,"351 Mark Corner Apt. 336, North Bryan, IL 50633",296
Hannah Jackson,alan86@ward.com,114.198.2552x47717,"841 Stevens Pass, Lake Daniel, GA 02533",297
Scott Strickland,annette68@walters-thomas.com,(708)269-3863x54401,"Unit 7620 Box 3285, DPO AA 37181",298
Kelly Riley,bennettrobert@gmail.com,001-889-744-0044,"596 Alexandria Gardens Apt. 308, Lake Bettyview, HI 65188",299
Nicole Burgess,collinjones@gmail.com,+1-775-130-3921x438,"0835 Moore Forest, Shermanhaven, DE 07253",300
Jacob Mckinney,zlowe@cervantes.com,680-540-3906,"USNS Martinez, FPO AA 64177",301
Virginia Lee,xboone@gmail.com,171-394-8973,"6169 Tyler Bridge, Hollystad, IN 15667",302
John Mcbride,lisa99@yahoo.com,(282)466-4326x2316,"621 Strickland Mount, Justinborough, MD 18760",303
Kellie Walton,sarahgreen@johnson-valdez.com,298-909-3059x25149,"787 James Isle Suite 995, Mannbury, NJ 74536",304
Luke Fox,kristen06@hotmail.com,+1-376-483-7772x8292,"205 Garrett Fall, North Joshuashire, MD 46245",305
Mary Heath,rachael93@yahoo.com,001-301-411-9076x600,"073 Mayo Parks, South Susanchester, OR 60747",306
John Robles,wwilliams@walker.com,(301)584-8763x581,"665 Christina Underpass Suite 393, Herreramouth, LA 24619",307
Charles Ruiz,rmercado@gardner-hines.org,(167)632-3553x599,"5031 Robert Turnpike, Justinmouth, OK 38399",308
Holly Gomez,justin56@yahoo.com,+1-560-423-5360x1816,"67241 Hernandez Spring Suite 091, Lake Wesley, HI 39279",309
Carolyn Carroll,rhall@gmail.com,001-422-757-9519,"6690 Collins Springs, Port Angelahaven, SC 73879",310
Kristen Romero,andersonjuan@brewer-boone.com,(137)594-5559x12088,"61697 Pruitt Drives, East Joshua, UT 01061",311
Sandra Copeland,charles94@gmail.com,141-196-4789x506,"PSC 6696, Box 0253, APO AE 93354",312
Christopher Nguyen,xmurray@castaneda.com,543-283-6010x155,"75763 Lee Prairie, Port Christopher, GA 16666",313
Jason Riley,laura93@gmail.com,589.705.4563,"PSC 5642, Box 0044, APO AP 15444",314
James Richardson,rcarr@williams.biz,952.638.1314x25117,"8565 Gray Flats Suite 710, Lake Ethanborough, AK 68640",315
Angela Wilson,copelanddavid@hotmail.com,069.564.3928x020,"20571 Estes Falls Apt. 540, East Rebecca, WA 39459",316
Dennis Johnson,robert50@mason.org,001-977-314-2334x171,"70669 Linda Coves Apt. 767, West Christopherside, HI 64440",317
Kathryn Martin MD,gregorycompton@hotmail.com,+1-089-982-7695x3045,"5201 Luis Underpass, South Lauren, HI 61343",318
Elizabeth Contreras,umeyer@gmail.com,850-331-6102x204,"39227 Robert Common Apt. 498, Brendaburgh, LA 32304",319
Alejandro Roth,thompsonpatricia@ball-armstrong.com,+1-552-964-2572x3454,"267 Jasmine Pike, Davidborough, NV 92045",320
Dylan Kelly,michealjames@miller-fletcher.com,902.107.4282,"6892 Diaz Ville, New Mitchellbury, OR 80072",321
Brian Erickson,michael06@mason.com,+1-169-888-6511,"Unit 1408 Box 8236, DPO AA 39430",322
Morgan Baldwin,johnarcher@hotmail.com,+1-555-947-3212x1240,"859 Huff Island Apt. 527, North Lisaville, IN 68117",323
Sean Garcia,kenneth14@holland.org,443.530.1711x3318,"7790 Amanda Motorway Suite 693, South Kimberly, HI 12078",324
Steven Ortiz,umooney@yahoo.com,(769)123-0715x792,"26502 Henderson Manors Apt. 865, Rodriguezton, MT 10698",325
Christina Berry,matthewford@gmail.com,157-550-7469,"312 Peck View Suite 489, Port Samantha, RI 03298",326
Fred Noble,david53@grant-whitney.info,041.598.1599,"325 Pam Bypass Suite 060, Haneyview, OH 75107",327
Jonathan Meyer,qleblanc@stephens.org,4663945383,"91070 Hannah Club Apt. 093, North Carolmouth, SD 43282",328
Ryan Williams,cindywilliams@jenkins.com,(271)866-3572,"384 Hoffman Point, Michaelview, GA 91553",329
Michael Lewis,smithpam@yahoo.com,(474)157-7760,"9493 Galloway Branch Suite 075, Wolfberg, ND 33165",330
Lori Rojas,olittle@carlson.biz,085-692-2076,"042 Julie Greens, New Denise, MT 05735",331
James Mitchell,briansmall@benjamin.org,025.692.0847x716,"420 Robinson Via Suite 339, Raymondshire, CA 85671",332
Patrick Smith,patrickvillarreal@gmail.com,391-291-7156x4774,"4680 Karen Shores Suite 208, Buckleybury, NC 68160",333
Daniel Santiago,aturner@sanders.com,202.200.3549,"4091 Marco Unions, Lake Stephenhaven, WA 20088",334
Alison Neal,johnlee@hotmail.com,(533)299-0646x55469,"8572 Roman Hollow Apt. 067, Whitetown, NY 25164",335
Steven Chapman,cbrown@juarez-russell.org,001-210-666-1239,"13894 Anthony Junction Apt. 140, South Anthony, HI 69338",336
Jacob Kramer,miguel69@gmail.com,(806)732-7512,"68199 Fitzgerald Keys Suite 401, Hayesside, MO 03835",337
Jessica Guerra,douglasnathaniel@hotmail.com,046-934-5515x6325,"371 Snyder Fork, Ericaview, VT 53794",338
Jim Burns,danawilkins@hotmail.com,900-932-7510,"597 Martin Well Apt. 888, New Christopher, NE 57226",339
Stacy English,allenselena@gmail.com,391-681-4159x44374,"743 Gamble River, Reneehaven, VA 78123",340
Derek Graham,dstanton@martinez-guzman.com,2339748072,"385 Patricia Circle, Jayville, SD 20743",341
Priscilla Harrison,alexandercarroll@schwartz.com,311-625-2731,"423 Valencia Crest Suite 418, Jamiemouth, LA 20534",342
John Howell,dclements@gmail.com,148.223.8125,"91849 Oliver Extensions Apt. 125, Martinezmouth, NM 70218",343
Micheal Burke,carpenterwilliam@moore-kelley.com,753-028-0642x494,"1397 Smith Mill, East Danielstad, AK 61729",344
Alexis Irwin,woodalyssa@gmail.com,(180)744-1997,"18580 Davis Ports Suite 285, West Michellestad, IA 51952",345
Ellen Christian,kathrynbrown@yahoo.com,001-784-896-4656x212,"225 Kevin Cape, South Tinachester, WY 91183",346
Nancy Irwin,christopherhall@hotmail.com,606.897.6984,"USNV Campos, FPO AE 82683",347
Robert Bennett,whowe@flores-shelton.com,001-528-099-4411x311,"979 Cheryl Street Apt. 327, Stephanieburgh, MA 75075",348
Karen Vang,wjimenez@hotmail.com,001-010-878-3814x875,"0099 Humphrey Prairie Suite 886, New Linda, IA 28149",349
Alison Steele,ericclark@thompson.biz,+1-255-108-7740x525,"57096 Mckee Way, New Eric, NH 96187",350
Heather Mcmahon,johnsonrachel@hotmail.com,(364)641-9926x525,"88065 Lee Brooks Apt. 142, Lake Katie, CO 36708",351
Christine Nelson,jeffrey64@gmail.com,146-839-0519x763,"3648 Cherry Rapid Suite 342, North Jordan, NV 10949",352
Kenneth Lee,daughertyjon@thomas.com,001-259-357-7814x132,"29082 Diaz Mountains, Port Michael, WV 44937",353
Craig Barnes,zharrison@hamilton.biz,918-952-6266x52809,"35924 Keller Road, Markmouth, KS 17881",354
Christopher Price,burtondavid@hotmail.com,275.216.5834x219,"70909 David Locks Apt. 291, Carlborough, NY 20993",355
Zachary Flores,barberallison@gmail.com,498-282-3810x98651,"83272 Bailey Squares, Westshire, IL 80990",356
Anna Johnson,sarah15@gmail.com,+1-281-555-2581x318,"USCGC Bolton, FPO AE 28360",357
Latoya Ross,brooke28@davis-davis.com,+1-432-512-2279x2420,"44559 Stephanie Keys Suite 084, Markberg, MS 40544",358
Kristine Adams,wesleymunoz@ramirez.com,5206106379,"Unit 4150 Box 5680, DPO AA 78303",359
William Turner,canderson@gmail.com,490.261.6410x482,"398 Daniel Lakes Apt. 115, Reesetown, MI 34071",360
Chad Heath,duncanjeremy@yahoo.com,+1-141-210-8876,"87668 Stacy Passage Suite 152, Hawkinsfort, VT 63466",361
Jared Diaz,harrisamanda@jones.biz,688.015.4884x1683,"1731 Derek Radial, Williamstad, MI 49874",362
Douglas Perry,hoffmandaniel@rowe.net,+1-318-740-0370x5003,"USS Lee, FPO AP 68537",363
Brooke Mckinney,juan23@griffin.com,001-889-228-8708x182,"7598 Todd Court Suite 756, East Kathleenton, SD 15553",364
Paul Gill,youngmichael@gmail.com,021.609.2093,"5198 West Pike, South Kathryn, HI 03484",365
Daniel Hahn,lgray@yahoo.com,576.454.6130x78990,"57582 Mary Station Suite 976, West Christian, MO 47813",366
Nathan Stein,singhchristine@hotmail.com,001-892-897-9076,"13758 Phillips Pass Apt. 122, South Linda, AK 44342",367
Rebecca Bradley,wmyers@gmail.com,(014)221-7861x699,"100 James Crossing, North Paulshire, MT 06957",368
James Young,phillipsmelissa@yahoo.com,+1-572-848-1034,"Unit 7814 Box 2484, DPO AP 41471",369
Samantha Adams,tylermichael@gmail.com,001-106-388-8219,"647 Farmer Causeway, Meaganland, KS 43001",370
Catherine Wiley,heatherrogers@gmail.com,001-725-208-1103x075,"Unit 8656 Box 0699, DPO AA 64749",371
Eric Harrison,courtney30@hotmail.com,0426654230,"987 Jessica Neck Apt. 971, North Vanessa, ID 64930",372
Erin Ramos,wpham@ramirez.com,195.115.4400x654,"87280 Melissa Isle Apt. 468, Kellymouth, NE 56719",373
April Johnson,rogerszachary@yahoo.com,001-778-735-1025,"84593 Tara Bypass Apt. 830, Brenthaven, IA 62296",374
Carl Wright,lauramoses@hotmail.com,389-496-6528x00536,"712 Rachel Grove, North Patrickchester, NE 72589",375
Jennifer Jones,lmeadows@hotmail.com,853.294.8718,"365 David Crescent Suite 568, West Cody, IL 97954",376
Brooke Miller,tracy32@yahoo.com,909.632.3909x492,"USNV Stokes, FPO AE 32536",377
Meghan Peterson,kirkryan@griffith.com,+1-588-565-7891x6998,"5917 Jason Summit Apt. 208, East Sandra, HI 51180",378
Felicia Lewis,eric17@hotmail.com,+1-707-218-6111,"160 Chelsea Squares Suite 055, Barnesville, AR 52056",379
April Morris,andrea89@wiggins.org,(221)695-0531,"PSC 5963, Box 6978, APO AE 41211",380
Ernest Lewis,spatel@yahoo.com,001-700-242-1724x470,"86848 Massey Falls Suite 549, West Matthewton, AK 98948",381
Tyler Holmes,murrayadam@yahoo.com,327.354.9187,"7946 Oliver Tunnel, Markfurt, FL 48393",382
Tara Nelson,cesar36@cantrell-burnett.com,8277070015,"687 Boyd Springs, Jennifertown, MI 31761",383
Lisa Turner MD,berryjohn@tucker.info,094-548-6979x22846,"59874 Nicole Valleys Apt. 084, Lynchborough, WV 31763",384
Michelle Mercado,stephensontammy@hotmail.com,493.990.3594,"USCGC Lopez, FPO AP 26667",385
David Brooks,daniel72@yahoo.com,(359)041-7348,"1305 Atkins Streets Suite 759, Garrettview, WI 67756",386
Daniel Williamson,deborah28@ryan.net,(735)486-6084x01964,"440 Ryan Corners Apt. 777, Port Paula, CT 62642",387
Doris Coffey,obaker@yahoo.com,523-569-9773x65073,"909 Christy Passage Apt. 675, Willisshire, PA 18137",388
Anthony Williams,stephanie08@richmond.biz,001-218-595-9355x792,"4063 Martin Oval, North Eric, NM 80965",389
Nicole Boyer,melinda51@hamilton.com,273-540-4257,"861 Philip Spurs Apt. 795, Knappview, SD 96471",390
Thomas Reynolds,paulmyers@yahoo.com,+1-215-548-8352x477,"15650 Charles Pines Suite 273, Paulport, DE 91367",391
Brenda Parsons DDS,brianreese@yahoo.com,+1-748-405-6003x3404,"06353 Antonio Summit Suite 385, Yorkland, AL 92211",392
Alexandra Kennedy MD,belldonald@schroeder.com,9338074342,"05560 Evans Rapid, Gonzalezhaven, WI 13598",393
Thomas Owen,katherine09@gmail.com,412.950.0405,"5722 Watson Cliffs Suite 251, Lake Jennifer, MO 60124",394
Melissa Lloyd,teresa62@gmail.com,149-524-4328x87625,"7187 Benson Mountain Apt. 130, Nortonhaven, OK 95072",395
Beth Mitchell,bakerreginald@collins.net,001-765-657-4189,"42802 Anne Locks, North Tracyfurt, AR 59387",396
Todd Hansen,amy69@gmail.com,8107689056,"0958 Butler Green Apt. 383, South Tylerside, MA 74275",397
Lisa Simpson,tararivera@yahoo.com,005.489.6928x7382,"4073 Frances Courts, Port Dominique, WI 12194",398
Mercedes White,jennifer89@owens-stanley.com,0556644725,"05332 Reed Wall, Jenniferville, VA 56927",399
Anthony Stewart,austinmiller@gmail.com,174.683.4282,"45647 Charles Rapids Apt. 374, Castroton, MA 92757",400
