departments_id,departments_name,information
1,Purpose Department,Agent every development.
2,Since Department,Quality throughout beautiful.
3,Knowledge Department,Ahead despite measure.
4,Agreement Department,Current practice nation determine operation speak.
5,According Department,Recently future choice whatever.
6,Great Department,Behavior benefit suggest.
7,Pm Department,Southern role movie win.
8,Human Department,Need stop peace.
9,Training Department,Officer relate animal direction eye.
10,Base Department,Term herself law street.
11,Commercial Department,Great prove reduce raise author.
12,Prove Department,Move each left establish.
13,Wish Department,Detail food shoulder argue start source.
14,Institution Department,At tree note responsibility.
15,Difference Department,How trip learn enter east no.
16,Everyone Department,Investment on gun young catch management.
17,Someone Department,Technology check civil.
18,Response Department,Others his other life edge.
19,On Department,Quite boy those.
20,Social Department,Shoulder future fall citizen.
21,About Department,Will seven medical blood.
22,Process Department,Success medical current hear.
23,Color Department,Well two truth out major born.
24,Him Department,Dream drive note bad.
25,Sign Department,Staff within mouth call process water.
26,Company Department,Month parent who up.
27,Someone Department,Require human public health.
28,We Department,Later easy ask again network open.
29,Account Department,Remain arrive attack.
30,Almost Department,Audience draw protect Democrat car.
31,Worry Department,Office drug list imagine behind probably.
32,Health Department,In tell approach president position.
33,Ask Department,Rock song body court movie.
34,Challenge Department,Contain leg themselves away space.
35,Total Department,Better present music address behavior send.
36,Economic Department,Image loss ten total.
37,Community Department,Able hospital unit size expect.
38,Same Department,Product main couple design around save.
39,Ask Department,Arm once me system church.
40,Movie Department,Surface attention attack.
41,Training Department,Identify walk now often.
42,Among Department,Bank price north first end prove.
43,Former Department,Enter capital population lead.
44,Woman Department,Act perform none.
45,Black Department,Mrs media car.
46,Happy Department,These hard citizen.
47,These Department,Region particularly would pressure account stage.
48,Firm Department,Voice care break.
49,Both Department,Choice example decision garden reach table.
50,Mouth Department,Economy traditional anything plant stop analysis.
51,Goal Department,Pm energy scientist.
52,Ok Department,Night born war real chance.
53,Also Department,Old challenge camera final together.
54,Style Department,Together decide economic.
55,Board Department,Sister this image per choice.
56,Wonder Department,Ten wish specific thing.
57,Ago Department,Say forward us soon.
58,Treat Department,Environment skin blue the.
59,Town Department,Develop staff least figure somebody dinner.
60,Agent Department,Huge everything attorney significant.
61,Have Department,Hundred wonder movie voice boy wife.
62,Could Department,While enter board its rock finish.
63,Police Department,Break tonight couple and job mind.
64,Sure Department,Rather vote say culture issue we.
65,Wife Department,Perhaps professional by tonight medical.
66,Reflect Department,For recent never court professor.
67,Hundred Department,Past feeling nature a.
68,Few Department,Involve oil pressure let.
69,Letter Department,Memory soldier where save.
70,Reason Department,Exist professional people.
71,Better Department,Pull different current agency.
72,Election Department,Particularly shoulder lay though offer responsibil
73,If Department,Hundred challenge reach throughout team those.
74,Start Department,Despite sound receive let newspaper.
75,Whose Department,Lead soon property.
76,Operation Department,Fish sense kind spring throughout interview.
77,What Department,Knowledge city technology late seem style.
78,Factor Department,Machine dream key require doctor from.
79,Walk Department,Ball character him check degree increase.
80,Give Department,Letter artist strategy hope show watch.
81,Again Department,Herself accept goal send table well.
82,Kind Department,Section national owner determine detail job.
83,Air Department,From quickly identify close level.
84,Care Department,Move trade option production base investment.
85,Trial Department,Consider employee force lawyer front.
86,Until Department,Everything week instead strong like.
87,So Department,Appear weight difference attention whatever Americ
88,Allow Department,Current after charge call.
89,Relationship Department,Nor design record.
90,Speak Department,Cold parent security boy standard.
91,Foreign Department,Official up office.
92,Whatever Department,However resource away real physical.
93,Blue Department,Sure outside building worker.
94,Stay Department,Girl into have.
95,Move Department,Actually information majority item gun.
96,Vote Department,Religious itself safe whole establish.
97,System Department,Simple let stay or focus early.
98,Worry Department,Everything late seek.
99,Over Department,Property from management foot maintain great.
100,Evening Department,Evidence other they new might.
101,Cut Department,Drop image new.
102,Effect Department,Position make society behavior develop reality.
103,Follow Department,Hard network gas you nearly goal.
104,Long Department,Fill discover return firm.
105,Situation Department,Week real course school everybody operation.
106,Soon Department,Others wonder strategy fast guess few.
107,Section Department,Call animal approach factor want point.
108,Soldier Department,Bill activity expect long future whole.
109,Entire Department,Box assume man officer rather charge.
110,Talk Department,We be easy newspaper indicate other.
111,Present Department,Simply herself training father.
112,Per Department,Figure perform participant science way.
113,Despite Department,Decision produce church community avoid able late.
114,Phone Department,Fact discuss religious reflect law reach.
115,Window Department,Skin person product value.
116,Large Department,Name positive training.
117,The Department,Author coach film.
118,Smile Department,Tv keep light fight I evening.
119,Notice Department,Just our threat same page ago.
120,Drop Department,Onto again share start office several.
121,Continue Department,Million kind everything young job sport.
122,Benefit Department,Girl four prove tax form really.
123,Fight Department,Spend nearly lawyer fire follow.
124,Spring Department,Ten stay ability thank left.
125,Arm Department,Million performance material kind.
126,Approach Department,Environment capital explain thing.
127,Memory Department,Ahead picture son.
128,Security Department,Financial add impact different.
129,Thought Department,Left brother strategy.
130,Moment Department,Meeting event strong woman.
131,Either Department,Necessary himself two meet these.
132,Treat Department,Everybody so increase.
133,World Department,Environment able rise study oil process.
134,Tree Department,Land machine forward.
135,Source Department,Help usually thank wonder draw him.
136,Total Department,Analysis seat relate specific history.
137,Record Department,Manager already maybe.
138,Performance Department,Thank them key moment lead.
139,Seven Department,Improve pressure child.
140,Manager Department,Full realize power system.
141,Together Department,Here first responsibility service their along.
142,Authority Department,Piece TV young section.
143,Leader Department,Set region beyond.
144,Compare Department,Tough animal someone fall.
145,House Department,Certainly most not society color.
146,Bar Department,That people drive tree central leave.
147,Environmental Department,Effort act source top quality.
148,Coach Department,Kid generation onto.
149,Purpose Department,Real lead few yourself table.
150,Both Department,High grow fast recognize.
151,Age Department,Ever not rate seat any.
152,Police Department,Strategy total simply discover soon despite.
153,Customer Department,Economy sense should race carry best.
154,Product Department,Final kid often.
155,Sign Department,Bed far section.
156,Continue Department,Car much will most.
157,White Department,Store either station loss.
158,Sure Department,Second full boy while.
159,Chance Department,Team right woman whose.
160,Summer Department,Hand so add Mr lawyer pull.
161,Remember Department,Once state wait board.
162,East Department,Agent this no trip determine as.
163,Than Department,Travel few impact cause watch.
164,Fly Department,Break doctor Mr home he we.
165,Same Department,Industry score choice increase between majority.
166,Involve Department,Allow have kitchen wear.
167,Top Department,Between rate name within grow.
168,Information Department,Couple business summer lawyer.
169,Recognize Department,Politics others again skill.
170,Either Department,Skin day stop.
171,Once Department,Only spend do similar.
172,Story Department,Able teach certain candidate economy company.
173,Recent Department,Capital group small.
174,Per Department,Administration enter camera inside box.
175,Attack Department,Large gun order later develop past.
176,Short Department,Feeling poor all your suggest international.
177,Box Department,Republican kitchen tonight focus chance call.
178,Probably Department,Nature foot yes most law painting.
179,Bit Department,Table prepare shoulder.
180,Set Department,Involve thousand including still.
181,Inside Department,Role fine fine effort well.
182,Right Department,Attack story behavior benefit school speech.
183,Only Department,Only no form.
184,Can Department,Government program seek test return.
185,Field Department,Fine billion medical choice lot suggest.
186,Hard Department,Happen several off southern suddenly window.
187,Tell Department,Party poor ago upon stop environment.
188,Couple Department,Reflect finally fund accept.
189,True Department,Not husband center.
190,Property Department,Begin most heavy.
191,Long Department,Church find food walk other.
192,Use Department,Choose senior anyone.
193,Beat Department,Kitchen interest parent increase.
194,Dinner Department,Box involve exist question main project.
195,Answer Department,House out account feeling.
196,Development Department,Share face build.
197,Modern Department,Compare herself region matter street.
198,Sure Department,Author technology amount affect TV.
199,Training Department,Office of remember individual boy.
200,Against Department,Commercial way least ready gun.
201,Leave Department,During open model.
202,Individual Department,Second develop single baby.
203,Property Department,Most create simply.
204,Have Department,Door chair culture.
205,Play Department,Set pretty concern.
206,Spring Department,Management senior service large under north play.
207,Probably Department,Ten physical character attention kind.
208,Floor Department,Option goal avoid left.
209,Always Department,Hard expert popular.
210,Top Department,Past medical leg.
211,Once Department,Last special prepare.
212,Fund Department,Little character artist billion tonight gas.
213,Send Department,Mean common easy.
214,Left Department,Model particular hair truth hold.
215,Stage Department,Quickly appear piece free form.
216,Open Department,Exist rich prevent trade their.
217,Goal Department,Old center glass.
218,Reality Department,Can remember be next poor.
219,Get Department,Prove stock school.
220,Reveal Department,Behavior provide meet adult final week.
221,Growth Department,Court yourself choice fast small medical.
222,Notice Department,Also from short capital heavy class.
223,Theory Department,Speak close join improve put down.
224,Life Department,Expect security large move finally speak.
225,Manager Department,Happy water worker left.
226,Father Department,Me industry class current painting.
227,Turn Department,Appear lose he various.
228,Seek Department,Surface expect several evening town challenge.
229,Leave Department,Watch develop later.
230,Happy Department,Increase how hear.
231,Imagine Department,Heart agreement us.
232,Those Department,Social case expert stop receive.
233,Chair Department,Large accept bad eight strong nature.
234,Short Department,Month book explain feeling answer information.
235,Student Department,Lead book toward others administration middle.
236,Effort Department,Fact ability good.
237,Own Department,Cost property model guess well.
238,Off Department,Skill medical after them analysis hit.
239,Hour Department,Section ground attack drop.
240,Realize Department,Billion old series card good full poor.
241,Then Department,Wonder long consider care respond.
242,Yet Department,Already cut social though firm.
243,Force Department,Huge spring list already positive experience.
244,Training Department,Tend forward buy.
245,Hold Department,Threat sea thus hit wind.
246,Model Department,Happen something entire bar interesting issue.
247,Test Department,Nation fly bag produce.
248,Follow Department,Owner international ready goal amount.
249,True Department,Past itself police social arm.
250,Remain Department,Guy song quickly well central.
251,Political Department,Alone attack sing hand him.
252,Our Department,Painting quickly we.
253,Hot Department,Several off morning huge power.
254,Enjoy Department,Ago control military.
255,White Department,Brother simple region Democrat partner really.
256,Military Department,But table later together.
257,Light Department,Specific whose worry.
258,Region Department,Remember nearly face feel church.
259,Security Department,Soldier meeting building cut.
260,Chair Department,So ago network hard.
261,Suggest Department,Candidate this assume huge response long.
262,Item Department,Statement available win politics last.
263,Response Department,General there sister policy consider whom.
264,Lead Department,Treat area buy check clearly follow.
265,Security Department,Generation wait thus suffer.
266,Enough Department,Play nearly by field.
267,None Department,Maybe collection walk.
268,Class Department,Probably result painting successful.
269,Organization Department,Stay agreement animal.
270,Put Department,Enough decision occur peace air threat.
271,Offer Department,Politics few each southern.
272,Into Department,Law read citizen indeed.
273,Majority Department,Future century technology floor.
274,Traditional Department,Wish candidate have no five.
275,Man Department,Environment easy best.
276,Fill Department,Ten industry while total spend.
277,World Department,Return couple city you level these.
278,Modern Department,Bed hotel lead.
279,Effect Department,On any example our.
280,Threat Department,Experience account blue care enough hand.
281,Interesting Department,And anything no guy eye.
282,Imagine Department,Late near stay perhaps particularly campaign.
283,Bill Department,Health would newspaper hand certain.
284,Play Department,Husband American although require sound mind.
285,Church Department,Throw cause use five hotel pattern.
286,Thousand Department,Order medical meeting majority.
287,Order Department,Little admit former body.
288,Keep Department,Film together the picture others enter.
289,Reality Department,Officer return on color pick people.
290,Thought Department,Challenge quite all way body.
291,After Department,Finish charge real improve simple.
292,Wife Department,Their save artist catch debate foot.
293,Recognize Department,Moment finish community treatment garden great.
294,Sport Department,Particular court east newspaper.
295,Down Department,Side relate real major.
296,Media Department,Night various return explain of.
297,Of Department,Time house generation significant chair.
298,And Department,Western bad under pretty.
299,Small Department,Degree still even no even body.
300,Sit Department,Dream anything toward difficult do beyond.
301,Give Department,Beyond side accept nearly upon imagine.
302,Worry Department,Local current white fly position traditional.
303,Behind Department,Discussion school sure also TV individual.
304,Third Department,Value already structure small.
305,Cultural Department,Theory across nothing blue.
306,Government Department,Lawyer political modern threat.
307,Center Department,Life cover both class learn either.
308,Cultural Department,Say so nothing.
309,Sometimes Department,Compare task today still.
310,Myself Department,Beautiful protect continue cell food.
311,Energy Department,End dog send.
312,Girl Department,Old of end growth.
313,Eat Department,Property let civil.
314,Rich Department,Type thousand show real police wait.
315,Hold Department,Determine whatever long lawyer writer health.
316,Science Department,Tree serious soon stay seven quite.
317,Pick Department,Moment month gun.
318,Whose Department,Born stock total dark Mr clearly.
319,Too Department,Kind quite response major together knowledge.
320,Around Department,Car indeed nor next pull.
321,Foot Department,How staff second.
322,Particular Department,And general as.
323,As Department,Worry line expert.
324,Couple Department,She within position.
325,Kitchen Department,Year him thank trade heart.
326,Result Department,Card team budget year hotel camera.
327,Dog Department,Series without leg.
328,Serve Department,Interest here discover leave choice country.
329,Type Department,Allow produce past.
330,Would Department,Drive attack order.
331,Likely Department,Public the each analysis keep music.
332,Somebody Department,Cell year doctor.
333,Whom Department,Five our pull fly few century.
334,Recent Department,Determine feel article we they treatment.
335,Produce Department,New another general poor high.
336,Network Department,Recent impact feel contain Mrs.
337,Effect Department,Feeling remain south trip.
338,Or Department,Whose newspaper care drug data.
339,Radio Department,Two suggest begin.
340,Shake Department,Appear help painting always.
341,Baby Department,Source onto provide describe.
342,Detail Department,Field training deep couple scientist.
343,Skin Department,Trial receive region however dream focus.
344,Fear Department,Letter possible final growth third.
345,Man Department,Sort reveal seven.
346,Front Department,Have including none determine.
347,Child Department,End various often.
348,Key Department,Charge form here street.
349,Money Department,Pressure range either start whom politics.
350,Military Department,Collection some college result major.
351,Whom Department,Wrong whatever model stuff avoid stand.
352,Anything Department,Include successful discuss.
353,Second Department,Across media health.
354,Prepare Department,Tree process administration mother in admit.
355,Seven Department,Movie expert maybe recently.
356,Law Department,Blood benefit chance court.
357,New Department,Spring environment however health.
358,Into Department,North wrong difficult range summer.
359,Ready Department,Behavior here need.
360,Arrive Department,Reflect bar suddenly.
361,Quite Department,Not teach believe month amount.
362,Development Department,Little another avoid understand tonight nor.
363,Alone Department,Up fire which onto.
364,Soldier Department,Up federal nor note support.
365,Research Department,Forward sense cause write right may.
366,Half Department,Best discussion away.
367,Point Department,Western however similar ahead event yeah.
368,Military Department,Green wait it quickly.
369,Recent Department,Beat peace something require bank.
370,Class Department,Republican plant science first blood.
371,Accept Department,Know seven bill beautiful.
372,Lawyer Department,News mention billion bed never.
373,Picture Department,Six tell activity including single right.
374,Operation Department,Occur college herself catch.
375,Fish Department,Manage as itself inside.
376,Member Department,Guess want result.
377,Mission Department,Pattern leader career according how success.
378,Husband Department,Key issue statement prepare organization.
379,First Department,Owner receive look concern huge.
380,From Department,Same plan whose site.
381,Gas Department,Exactly skill half usually customer.
382,Offer Department,Race nearly well left.
383,Section Department,Just fact realize standard.
384,Stuff Department,Pull cause field education child.
385,Land Department,Available wrong look husband media.
386,Wife Department,Myself so growth time Mr.
387,Pull Department,Body eat professor.
388,Compare Department,And worker quality hundred sell whole.
389,Law Department,Action else member.
390,Natural Department,Oil offer knowledge hospital sign open.
391,Month Department,General agency bit.
392,Just Department,Break wait center.
393,Forget Department,Lay deal lot live just.
394,Same Department,Five feel special boy support.
395,Raise Department,Quality clearly worker.
396,Either Department,Company civil nice when discussion if.
397,Create Department,Policy it ahead pass.
398,Decade Department,Or home relate day sell.
399,Table Department,Officer son Mr.
400,History Department,Culture box provide majority whole.
